Código IES,Nome,Sigla,Código Endereço,Denominação,Endereço,Polo,Município,UF
5580,Afya Faculdade de Ciências Médicas de Garanhuns,AFYA GARANHUNS (Sub Judice),1046510,Campus Principal - Faculdade de Medicina de Garanhuns,"Avenida General Costa e Silva, 06 - Novo Heliópolis",-,Garanhuns,PE
5580,Afya Faculdade de Ciências Médicas de Garanhuns,AFYA GARANHUNS (Sub Judice),660090,Campus Principal,"Br 423 KM 79, s/n - Heliopolis",-,Garanhuns,PE
22514,Afya Faculdade de Ciências Médicas de Jaboatão dos Guararapes,AFYA JABOATÃO,1082343,Jaboatão dos Guararapes,"Avenida General Barreto de Menezes, - de 1 a 99999 - lado ímpar, 738 - Cajueiro Seco - Piedade",-,Jaboatão dos Guararapes,PE
73,CENTRO DE ENSINO SUPERIOR DE ARCOVERDE,CESA,657715,CAMPUS  - ARCOVERDE - SÃO CRISTOVÃO,"Rua Gumercindo Cavalcanti, PREDIO, 420 - SÃO CRISTOVÃO",-,Arcoverde,PE
674,CENTRO DE ENSINO SUPERIOR DO VALE SÃO FRANCISCO,CESVASF,1046638,Centro de Ensino Superior do Vale do São Francisco,"Alto do Encanto BR 315,  - Centro",-,Belém de São Francisco,PE
674,CENTRO DE ENSINO SUPERIOR DO VALE SÃO FRANCISCO,CESVASF,691892,CAMPUS  - BELÉM DE SÃO FRANCISCO - NOVA OLINDA,"BR 316 - Campus Alto do Encanto, s/n - Nova Olinda",-,Belém de São Francisco,PE
674,CENTRO DE ENSINO SUPERIOR DO VALE SÃO FRANCISCO,CESVASF,658025,CAMPUS  - BELÉM DE SÃO FRANCISCO - CENTRO,"Rua Coronel Trapia, Térreo, 202 - Centro",-,Belém de São Francisco,PE
674,CENTRO DE ENSINO SUPERIOR DO VALE SÃO FRANCISCO,CESVASF,33481,Campus - Petrolândia,"Rua Rui Barbosa, s/n - Quadra 1",-,Petrolândia,PE
4420,Centro Universitário Aeso,Barros Melo -  Uniaeso,659839,Centro Universitário Aeso Barros Melo - UNIAESO,"Avenida Transamazônica, 405 - Jardim Brasil II",A,Olinda,PE
4420,Centro Universitário Aeso,Barros Melo -  Uniaeso,1116641,Campus Recife,"Rua do Bom Jesus, 137 - Recife",-,Recife,PE
4420,Centro Universitário Aeso,Barros Melo -  Uniaeso,1123819,Polo Recife Bom Jesus,"Rua do Bom Jesus, Polo Recife Bom Jesus, 137 - Recife",A,Recife,PE
4702,CENTRO UNIVERSITÁRIO BRASILEIRO,UNIBRA,1064454,IBGM IBRATS,"Rua Professor Augusto Tabosa, 13 - Nossa Senhora das Dores",-,Caruaru,PE
4702,CENTRO UNIVERSITÁRIO BRASILEIRO,UNIBRA,141175,Unidade SEDE,"R Rua Joaquim Felipe, 250 - Boa Vista",A,Recife,PE
4702,CENTRO UNIVERSITÁRIO BRASILEIRO,UNIBRA,1078890,Campus II,"Rua Padre Inglês, 257 - Boa Vista",-,Recife,PE
3515,CENTRO UNIVERSITÁRIO DA VITÓRIA DE SANTO ANTÃO,UNIVISA,691887,CAMPUS  - VITÓRIA DE SANTO ANTÃO - CAJA,"Loteamento São Vicente Ferrer, 71 - Cajá",A,Vitória de Santo Antão,PE
1708,CENTRO UNIVERSITARIO DO RECIFE,UNIPESU,1159124,Unidade Dom Bosco,"Rua Dom Bosco, Unidade Dom Bosco, 551 - Boa Vista",-,Recife,PE
1708,CENTRO UNIVERSITARIO DO RECIFE,UNIPESU,1094875,Santos Araújo,"Rua Santos Araújo, Santos Araújo, 90 - Afogados",-,Recife,PE
1708,CENTRO UNIVERSITARIO DO RECIFE,UNIPESU,1067754,Afogados,"Rua São Miguel, Afogados, 176 - Afogados",-,Recife,PE
1805,CENTRO UNIVERSITÁRIO DOS GUARARAPES,UNIFG,1177732,POLO MACEIÓ - CENTRO,"Fernandes Lima, 8 - Farol",A,Maceió,AL
1805,CENTRO UNIVERSITÁRIO DOS GUARARAPES,UNIFG,1125388,POLO MANAUS - PLAZA SHOPPING,"Avenida Djalma Batista, POLO MANAUS - PLAZA SHOPPING, 2100 - Nossa Senhora das Graças",A,Manaus,AM
1805,CENTRO UNIVERSITÁRIO DOS GUARARAPES,UNIFG,1125435,POLO SALVADOR - COMÉRCIO,"Rua Miguel Calmon, POLO SALVADOR - COMÉRCIO, 22 - Comércio",A,Salvador,BA
1805,CENTRO UNIVERSITÁRIO DOS GUARARAPES,UNIFG,1125494,POLO SMART FORTALEZA - ALDEOTA,"Rua Desembargador Leite Albuquerque, POLO SMART FORTALEZA - ALDEOTA, 635 - Aldeota",A,Fortaleza,CE
1805,CENTRO UNIVERSITÁRIO DOS GUARARAPES,UNIFG,1125386,POLO LIMOEIRO DO NORTE,"Rua Sabino Roberto, POLO LIMOEIRO DO NORTE, 3098 - Centro",A,Limoeiro do Norte,CE
1805,CENTRO UNIVERSITÁRIO DOS GUARARAPES,UNIFG,1125541,POLO SMART VITÓRIA,"Avenida João Baptista Parra, POLO SMART VITÓRIA, 633 - Praia do Suá",A,Vitória,ES
1805,CENTRO UNIVERSITÁRIO DOS GUARARAPES,UNIFG,1125495,POLO SMART GOIÂNIA,"Avenida D, esquina com Rua 09, Quadra G-11, Lote 01, 3° Andar, Salas 305 e 306, POLO SMART GOIÂNIA, 419 - Setor Marista",A,Goiânia,GO
1805,CENTRO UNIVERSITÁRIO DOS GUARARAPES,UNIFG,1125438,POLO SMART BELO HORIZONTE,"Avenida do Contorno, POLO SMART BELO HORIZONTE, 6594 - Lourdes",A,Belo Horizonte,MG
1805,CENTRO UNIVERSITÁRIO DOS GUARARAPES,UNIFG,1124317,Polo Bom Conselho - OB,"Rua Agamenon Magalh?es, 79 - Centro",A,Bom Conselho,PE
1805,CENTRO UNIVERSITÁRIO DOS GUARARAPES,UNIFG,1120704,Polo Camaragibe,"Rua Belchior De Athaide Dos Santos, Polo Camaragibe, 557 - Bairro Novo",A,Camaragibe,PE
1805,CENTRO UNIVERSITÁRIO DOS GUARARAPES,UNIFG,1177085,POLO CARUARU - NOSSA SENHORA DAS DORES,"Djalma Dutra, 150 - Nossa Senhora das Dores",A,Caruaru,PE
1805,CENTRO UNIVERSITÁRIO DOS GUARARAPES,UNIFG,1115346,Polo Ipojuca,"Rua Cristovão José da Silva, Polo Ipojuca, 53 - CENTRO",A,Ipojuca,PE
1805,CENTRO UNIVERSITÁRIO DOS GUARARAPES,UNIFG,1081189,Unidade Educacional Jaboatão Centro,"Avenida Barão de Lucena, Unidade Educacional Jaboatão Centro, 99 - Centro",A,Jaboatão dos Guararapes,PE
1805,CENTRO UNIVERSITÁRIO DOS GUARARAPES,UNIFG,1172974,POLO JABOATÃO DOS GUARARAPES - CENTRO II,"Bernardo Vieira de Melo, 1496 - Piedade",A,Jaboatão dos Guararapes,PE
1805,CENTRO UNIVERSITÁRIO DOS GUARARAPES,UNIFG,658779,Campus Sede - Piedade,"Rua Comendador José Didier, 27 - Piedade",A,Jaboatão dos Guararapes,PE
1805,CENTRO UNIVERSITÁRIO DOS GUARARAPES,UNIFG,1177087,POLO OLINDA - CASA CAIADA,"Doutor José Augusto Moreira, 900 - Casa Caiada",A,Olinda,PE
1805,CENTRO UNIVERSITÁRIO DOS GUARARAPES,UNIFG,1177088,POLO PAULISTA - CENTRO,"Marechal Floriano Peixoto, 40 - Centro",A,Paulista,PE
1805,CENTRO UNIVERSITÁRIO DOS GUARARAPES,UNIFG,1134075,POLO PETROLINA - CENTRO,"Rua do Coliseu, POLO PETROLINA - CENTRO, 109 - Centro",A,Petrolina,PE
1805,CENTRO UNIVERSITÁRIO DOS GUARARAPES,UNIFG,1066459,Campus Boa Vista,"Avenida Governador Carlos de Lima Cavalcanti, 110 - Boa Vista",-,Recife,PE
1805,CENTRO UNIVERSITÁRIO DOS GUARARAPES,UNIFG,1177779,POLO RECIFE - CENTRO,"Governador Carlos de Lima Cavalcanti, 110 - Boa Vista",A,Recife,PE
1805,CENTRO UNIVERSITÁRIO DOS GUARARAPES,UNIFG,1145494,POLO SMART RECIFE - IMBIRIBEIRA,"Rua Izabel de Souza, POLO SMART RECIFE - IMBIRIBEIRA, 190 A - Imbiribeira",A,Recife,PE
1805,CENTRO UNIVERSITÁRIO DOS GUARARAPES,UNIFG,1120690,Polo Ribeirão,"Praça Abelardo Sena, Ribeirão, 231 - Centro",A,Ribeirão,PE
1805,CENTRO UNIVERSITÁRIO DOS GUARARAPES,UNIFG,1115354,Polo São José do Belmonte,"Avenida Osmar Fonseca de Menezes, Polo São José do Belmonte, 115 - Centro",A,São José do Belmonte,PE
1805,CENTRO UNIVERSITÁRIO DOS GUARARAPES,UNIFG,1125440,POLO SMART CURITIBA,"Rua Comendador Araújo, POLO SMART CURITIBA, 499, 10º andar - Centro",A,Curitiba,PR
1805,CENTRO UNIVERSITÁRIO DOS GUARARAPES,UNIFG,1125433,POLO RIO DE JANEIRO - BARRA DA TIJUCA,"Av. Das Américas, POLO RIO DE JANEIRO - BARRA DA TIJUCA, 2603 - Barra da Tijuca",A,Rio de Janeiro,RJ
1805,CENTRO UNIVERSITÁRIO DOS GUARARAPES,UNIFG,1125017,Polo Caicó,"Rua Tonheca Dantas, Polo Caicó, 255 - Centro",A,Caicó,RN
1805,CENTRO UNIVERSITÁRIO DOS GUARARAPES,UNIFG,1125389,POLO NATAL - SALGADO FILHO,"Avenida Senador Salgado Filho, POLO NATAL - SALGADO FILHO, 1610 - Lagoa Nova",A,Natal,RN
1805,CENTRO UNIVERSITÁRIO DOS GUARARAPES,UNIFG,1125432,POLO PAU DOS FERROS,"Rua Francisco Batalha, POLO PAU DOS FERROS, 246 - Princesinha Do Oeste",A,Pau dos Ferros,RN
1805,CENTRO UNIVERSITÁRIO DOS GUARARAPES,UNIFG,1125537,POLO SMART PORTO ALEGRE,"Avenida Carlos Gomes, POLO SMART PORTO ALEGRE, 700 - Petrópolis",A,Porto Alegre,RS
1805,CENTRO UNIVERSITÁRIO DOS GUARARAPES,UNIFG,1125442,POLO SMART FLORIANÓPOLIS,"Rua Felipe Schmidt, POLO SMART FLORIANÓPOLIS, 755 - Sala 06 - Centro",A,Florianópolis,SC
,,,658241,ABDIAS DE CARVALHO,"Avenida Engenheiro Abdias de Carvalho, ABDIAS DE CARVALHO, 1678 - Madalena",-,Recife,PE
,,,1070473,BOA VIAGEM,"Rua Padre Bernardino Pessoa, 512 - Boa Viagem",-,Recife,PE
1697,CENTRO UNIVERSITÁRIO FACOL,UNIFACOL,658694,Unidade SEDE,"Rua do Estudante, 85 - Universitário",A,Vitória de Santo Antão,PE
1697,CENTRO UNIVERSITÁRIO FACOL,UNIFACOL,1125236,Polo Sede - UNIFACOL,"Rua do Estudante, Polo Sede - UNIFACOL, 90 - Universitário",A,Vitória de Santo Antão,PE
1775,Centro Universitário Favip Wyden,UniFavip Wyden,1178115,POLO VILAGE WILDE MACIEL - RIO BRANCO - AC,"AVENIDA ANTÔNIO DA ROCHA VIANA, 2248 - VILAGE WILDE MACIEL",A,Rio Branco,AC
1775,Centro Universitário Favip Wyden,UniFavip Wyden,1141836,POLO CALAFATE - RIO BRANCO - AC,"ESTRADA DO CALAFATE, 4352 - CALAFATE",A,Rio Branco,AC
1775,Centro Universitário Favip Wyden,UniFavip Wyden,1159496,POLO 7 BEC - RIO BRANCO - AC,"RUA MAJOR LADISLAU FERREIRA, POLO 7 BEC - RIO BRANCO - AC, 1235 - 7º BEC",A,Rio Branco,AC
1775,Centro Universitário Favip Wyden,UniFavip Wyden,1161322,POLO ANTARES II - MACEIÓ - AL,"Enfermeira Noraci Pedrosa, 177 - Antares",A,Maceió,AL
1775,Centro Universitário Favip Wyden,UniFavip Wyden,1175997,POLO POÇO - MACEIÓ -  AL,"RUA SENADOR TEOTÔNIO VILELA - QUADRA B, 54 - POÇO",A,Maceió,AL
1775,Centro Universitário Favip Wyden,UniFavip Wyden,1178060,POLO CENTRO II - MURICI - AL,"RUA LEONÍDIO CINCINATO, 78 - CENTRO",A,Murici,AL
1775,Centro Universitário Favip Wyden,UniFavip Wyden,1158349,POLO CENTRO II - ITACOATIARA - AM,"RUA NOSSA SENHORA DO ROSÁRIO, POLO CENTRO II - ITACOATIARA - AM, 2467 - Centro",A,Itacoatiara,AM
1775,Centro Universitário Favip Wyden,UniFavip Wyden,1132088,POLO CORRENTEZA - MANACAPURU - AM,"Rua Solimões, POLO CORRENTEZA - MANACAPURU - AM, 1677 B - Correnteza",A,Manacapuru,AM
1775,Centro Universitário Favip Wyden,UniFavip Wyden,1179356,POLO COMPENSA II - MANAUS - AM,"Avenida Brasil, 5 - Compensa",A,Manaus,AM
1775,Centro Universitário Favip Wyden,UniFavip Wyden,1138493,POLO CENTRO II - MANAUS - AM,"Avenida Constantino Nery, 940 - Centro",A,Manaus,AM
1775,Centro Universitário Favip Wyden,UniFavip Wyden,1159402,POLO TARUMÃ II - MANAUS - AM,"AVENIDA DO TURISMO, 3150 - TARUMÃ",A,Manaus,AM
1775,Centro Universitário Favip Wyden,UniFavip Wyden,1143011,POLO N. SRA. GRAÇAS - MANAUS - AM,"Rua Iça - Sala 01, 265 - Nossa Senhora das Graças",A,Manaus,AM
1775,Centro Universitário Favip Wyden,UniFavip Wyden,1151882,POLO COROADO - MANAUS - AM,"Rua James Maxwell, POLO COROADO - MANAUS - AM, 11 - Coroado",A,Manaus,AM
1775,Centro Universitário Favip Wyden,UniFavip Wyden,1113180,POLO FMF ADRIANOPOLIS - MANAUS - AM,"Rua Natal, Manaus Adrianópolis, 300 - Adrianópolis",A,Manaus,AM
1775,Centro Universitário Favip Wyden,UniFavip Wyden,1120078,POLO MANAUS - NOVO ALEIXO - AM,"Rua Perimetral I, POLO MANAUS - NOVO ALEIXO - AM, 17 - Novo Aleixo",A,Manaus,AM
1775,Centro Universitário Favip Wyden,UniFavip Wyden,1161439,POLO ZUMBI DOS PALMARES - MANAUS - AM,"RUA PIRATINI, SALA 02, 1° ANDAR, POLO ZUMBI DOS PALMARES - MANAUS - AM, 229 - ZUMBI DOS PALMARES",A,Manaus,AM
1775,Centro Universitário Favip Wyden,UniFavip Wyden,1120075,POLO MANAUS - NOSSA SENHORA DAS GRAÇAS II - AM,"Rua Rio Ituxi, POLO MANAUS - NOSSA SENHORA DAS GRAÇAS II - AM, 117 - Nossa Senhora das Graças",A,Manaus,AM
1775,Centro Universitário Favip Wyden,UniFavip Wyden,1160579,POLO ITAÚNA II - PARINTINS - AM,"RUA IRMÃ CRISTINE, POLO ITAÚNA II - PARINTINS - AM, 4101 - ITAÚNA II",A,Parintins,AM
1775,Centro Universitário Favip Wyden,UniFavip Wyden,1159334,POLO PANTANAL - MACAPÁ - AP,"AVENIDA MARIA MARQUES DA COSTA, POLO PANTANAL - MACAPÁ - AP, 851 - PANTANAL",A,Macapá,AP
1775,Centro Universitário Favip Wyden,UniFavip Wyden,1083365,Macapá,"Avenida Professora Cora de Carvalho, Macapá, 2430-A - Santa Rita",A,Macapá,AP
1775,Centro Universitário Favip Wyden,UniFavip Wyden,1135864,POLO PERPÉTUO SOCORRO MACAPÁ - AP,"Rua José Furtado de Oliveira, POLO PERPÉTUO SOCORRO MACAPÁ - AP, 349 - Perpétuo Socorro",A,Macapá,AP
1775,Centro Universitário Favip Wyden,UniFavip Wyden,1160392,POLO CENTRAL - SANTANA - AP,"AVENIDA COELHO NETO, POLO CENTRAL - SANTANA - AP, 1246 - CENTRAL",A,Santana,AP
1775,Centro Universitário Favip Wyden,UniFavip Wyden,1083205,Barreiras,"Avenida José Bonifácio, Barreiras, 179 - Centro",A,Barreiras,BA
1775,Centro Universitário Favip Wyden,UniFavip Wyden,1160594,POLO CENTRO II - CAMAÇARI - BA,"RUA CASTRO ALVES, 277 - CENTRO",A,Camaçari,BA
1775,Centro Universitário Favip Wyden,UniFavip Wyden,1122249,POLO CAMAÇARI - BELA VISTA - BA,"Rua Rua Dias D Ávila, POLO CAMAÇARI - BELA VISTA - BA, 54 - Bela Vista",A,Camaçari,BA
1775,Centro Universitário Favip Wyden,UniFavip Wyden,1158352,POLO CENTRO II - ENTRE RIOS - BA,"AVENIDA JURACY MAGALHÃES -  LOJA SHOWNET LAN HOUSE, POLO CENTRO II - ENTRE RIOS - BA, 65 - CENTRO",A,Entre Rios,BA
1775,Centro Universitário Favip Wyden,UniFavip Wyden,1159319,POLO CENTRO - EUNÁPOLIS - BA,"AVENIDA CASTRO ALVES - SALA  01, QUADRA: 048, LOTE: 0248, POLO CENTRO - EUNÁPOLIS - BA, 374 - Centro",A,Eunápolis,BA
1775,Centro Universitário Favip Wyden,UniFavip Wyden,1175834,POLO CENTRO II - FEIRA DE SANTANA - BA,"AVENIDA GETÚLIO VARGAS - SALAS 138, 140, 142 e 144, 441 AO 455 - Centro",A,Feira de Santana,BA
1775,Centro Universitário Favip Wyden,UniFavip Wyden,1176383,POLO JARDIM CRUZEIRO - FEIRA DE SANTANA - BA,"RUA PAULO AFONSO, 780 - JARDIM CRUZEIRO",A,Feira de Santana,BA
1775,Centro Universitário Favip Wyden,UniFavip Wyden,1089853,Guanambi,"Rua Henrique Dias, Guanambi, 367 - Centro",A,Guanambi,BA
1255,Centro Universitário FBV Wyden,UniFBV Wyden,1156642,POLO PRIMAVERA - ARAPIRACA - AL,"Rua Pio X, POLO PRIMAVERA - ARAPIRACA - AL, 464 - Primavera",A,Arapiraca,AL
1255,Centro Universitário FBV Wyden,UniFBV Wyden,1153221,POLO VILA REGINA - BARREIRAS - BA,"Rua Barão de Cotegipe, POLO VILA REGINA - BARREIRAS - BA, 833 - Vila Regina",A,Barreiras,BA
1255,Centro Universitário FBV Wyden,UniFBV Wyden,1151828,POLO CENTRO II - CAETITÉ - BA,"Rua Quintino Bocaiúva - Edifício Parque das Árvores - lojas 02 e 03, POLO CENTRO II - CAETITÉ - BA, 130 - Centro",A,Caetité,BA
1255,Centro Universitário FBV Wyden,UniFBV Wyden,1137473,POLO CENTRO II - CANAVIEIRAS - BA,"RUA GENERAL PEDERNEIRAS, POLO CENTRO II - CANAVIEIRAS - BA, 639 - Centro",A,Canavieiras,BA
1255,Centro Universitário FBV Wyden,UniFBV Wyden,1139675,POLO CENTRO II - CÍCERO DANTAS - BA,"TRAVESSA PADRE VICENTE MARTINS, POLO CENTRO II - CÍCERO DANTAS - BA, 97 - Centro",A,Cícero Dantas,BA
1255,Centro Universitário FBV Wyden,UniFBV Wyden,1151936,POLO VOMITA MEL - GUANAMBI - BA,"Avenida Santos Dumont, POLO VOMITA MEL - GUANAMBI - BA, 68 - Vomita Mel",A,Guanambi,BA
1255,Centro Universitário FBV Wyden,UniFBV Wyden,1176744,POLO CONQUISTA II - ILHÉUS - BA,"AVENIDA ITABUNA, SALAS 216, 217, 218 e 234, 1491 - Conquista",A,Ilhéus,BA
1255,Centro Universitário FBV Wyden,UniFBV Wyden,1178718,POLO CENTRO II  - IPIRÁ - BA,"RUA CENTRO, ANEXO 1, 493 A - CENTRO",A,Ipirá,BA
1255,Centro Universitário FBV Wyden,UniFBV Wyden,1156661,POLO CENTRO II - ITABUNA - BA,"Praça Professor Olinto Leone, POLO CENTRO II - ITABUNA - BA, 18 - Centro",A,Itabuna,BA
1255,Centro Universitário FBV Wyden,UniFBV Wyden,1143018,POLO FÁTIMA - ITAMARAJU - BA,"RUA INÁCIO TOSTA FILHO - CASA, POLO FÁTIMA - ITAMARAJU - BA, 133 - FÁTIMA",A,Itamaraju,BA
1255,Centro Universitário FBV Wyden,UniFBV Wyden,1143534,POLO FÉLIX TOMAZ - JACOBINA - BA,"RUA FLORISVALDO BARBERINO, POLO FÉLIX TOMAZ - JACOBINA - BA, 196 - FELIX TOMAZ",A,Jacobina,BA
1255,Centro Universitário FBV Wyden,UniFBV Wyden,1151805,POLO CENTRO - LUÍS EDUARDO MAGALHÃES - BA,"Rua Castro Alves - quadra 61 - lote 17, POLO CENTRO - LUÍS EDUARDO MAGALHÃES - BA, 1744 - Centro",A,Luís Eduardo Magalhães,BA
1255,Centro Universitário FBV Wyden,UniFBV Wyden,1178650,POLO CENTRO - POJUCA - BA,"RUA 15 DE NOVEMBRO, SALA, S/N - CENTRO",A,Pojuca,BA
1255,Centro Universitário FBV Wyden,UniFBV Wyden,1125507,POLO JARDIM PLACAFORD - SALVADOR - BA,"1ª Travessa Princesa Isabel, POLO JARDIM PLACAFORD - SALVADOR - BA, 617 - Jardim Placaford",A,Salvador,BA
1255,Centro Universitário FBV Wyden,UniFBV Wyden,1140983,POLO CENTRO II - SANTALUZ - BA,"TRAVESSA RIO BRANCO - SALA 3, POLO CENTRO II - SANTALUZ - BA, 101 - CENTRO",A,Santaluz,BA
1255,Centro Universitário FBV Wyden,UniFBV Wyden,1176433,POLO CENTRO - SANTO ANTONIO DE JESUS - BA,"RUA MADRE MARIA DO ROSÁRIO, 58 - Centro",A,Santo Antônio de Jesus,BA
1255,Centro Universitário FBV Wyden,UniFBV Wyden,1156665,POLO BRASIL - VITÓRIA DA CONQUISTA - BA,"Avenida Deraldo Mendes, POLO BRASIL - VITÓRIA DA CONQUISTA - BA, 426 - Brasil",A,Vitória da Conquista,BA
1255,Centro Universitário FBV Wyden,UniFBV Wyden,1151939,POLO CANDEIAS II - VITÓRIA DA CONQUISTA - BA,"Avenida Olívia Flores, POLO CANDEIAS II - VITÓRIA DA CONQUISTA - BA, 801 - Candeias",A,Vitória da Conquista,BA
1255,Centro Universitário FBV Wyden,UniFBV Wyden,1142742,POLO SÃO JOSÉ - CRATO - CE,"Rua Padre Frederico, POLO SÃO JOSÉ - CRATO - CE, 10 - São José",A,Crato,CE
1255,Centro Universitário FBV Wyden,UniFBV Wyden,1142751,POLO CENTRO II - LAVRAS DA MANGABEIRA - CE,"RUA DOS COQUEIROS, POLO CENTRO II - LAVRAS DA MANGABEIRA - CE, 82 - CENTRO",A,Lavras da Mangabeira,CE
1255,Centro Universitário FBV Wyden,UniFBV Wyden,1178046,POLO CENTRO GERENCIAL - PARAIPABA - CE,"RUA CENTRO GERENCIAL DO DNOCS, 5 - CENTRO GERENCIAL",A,Paraipaba,CE
1255,Centro Universitário FBV Wyden,UniFBV Wyden,1154636,POLO CROATÁ - SÃO GONÇALO DO AMARANTE - CE,"Rua José Irinaldo, POLO CROATÁ - SÃO GONÇALO DO AMARANTE - CE, s/n - Croatá",A,São Gonçalo do Amarante,CE
1255,Centro Universitário FBV Wyden,UniFBV Wyden,1142700,POLO CENTRO II - TAUÁ - CE,"RUA SILVESTRE GONÇALVES, POLO CENTRO II - TAUÁ - CE, 172 - CENTRO",A,Tauá,CE
1255,Centro Universitário FBV Wyden,UniFBV Wyden,1155395,POLO RIO MARINHO - CARIACICA - ES,"Rua dezoito, POLO RIO MARINHO - CARIACICA - ES, 7 - Rio Marinho",A,Cariacica,ES
1255,Centro Universitário FBV Wyden,UniFBV Wyden,1163709,POLO CRUZEIRO DO SUL - CARIACICA - ES,"RUA SÃO DOMINGOS - 1 ANDAR, POLO CRUZEIRO DO SUL - CARIACICA - ES, 10 - CRUZEIRO DO SUL",A,Cariacica,ES
1255,Centro Universitário FBV Wyden,UniFBV Wyden,1160135,POLO JD GUAÍRA II - ÁGUAS LINDAS DE GOIÁS - GO,"QUADRA 28 - LOTE 15 -  LOJA 03,  - JARDIM GUAÍRA II",A,Águas Lindas de Goiás,GO
1255,Centro Universitário FBV Wyden,UniFBV Wyden,1164025,POLO CENTRO II - FORMOSA - GO,"RUA PROFESSORA ALTA VIDAL - LOJA 01, POLO CENTRO II - FORMOSA - GO, 134B - CENTRO",A,Formosa,GO
1255,Centro Universitário FBV Wyden,UniFBV Wyden,1140973,POLO SETOR OESTE - GOIÂNIA - GO,"Rua 22 -  SALA 20, QUADRA E-10,  LOTES 62/64 E 66, POLO SETOR OESTE - GOIÂNIA - GO, 69 - Setor Oeste",A,Goiânia,GO
1255,Centro Universitário FBV Wyden,UniFBV Wyden,1142692,POLO ESTÂNCIA ITAICI - CALDAS NOVAS - GO,"RUA 29 - QUADRA 57, LOTE 16, POLO ESTÂNCIA ITAICI - CALDAS NOVAS - GO, S/N - ESTÂNCIA ITAICI",A,Goiânia,GO
1255,Centro Universitário FBV Wyden,UniFBV Wyden,1155404,POLO CENTRO - BARREIRINHAS - MA,"Avenida Joaquim Soeiro de Carvalho, POLO CENTRO - BARREIRINHAS - MA, S/N - Centro",A,Barreirinhas,MA
3881,Centro Universitário FIS,Unifis,1048639,Faculdade de Integração do Sertão - FIS,"Rua João Luiz de Melo, 2110 - Tancredo Neves",A,Serra Talhada,PE
3881,Centro Universitário FIS,Unifis,1006433,Unidade SEDE,"Rua Manoel Pereira da Silva, 841 - Centro",-,Serra Talhada,PE
160,Centro Universitário Frassinetti do Recife,UniFAFIRE,657755,Unidade SEDE,"Avenida Conde da Boa Vista, 921 - Boa Vista",-,Recife,PE
2835,CENTRO UNIVERSITÁRIO MAURÍCIO DE NASSAU,UNINASSAU,1129472,AC - BRASILÉIA (CENTRO),"AV JOSE RUI LINO, AC - BRASILÉIA (CENTRO), 741 - Centro",A,Brasiléia,AC
2835,CENTRO UNIVERSITÁRIO MAURÍCIO DE NASSAU,UNINASSAU,1168155,AC - CRUZEIRO DO SUL (CENTRO),"Avenida Coronel Mâncio Lima, AC - CRUZEIRO DO SUL (CENTRO), 734 - centro",A,Cruzeiro do Sul,AC
2835,CENTRO UNIVERSITÁRIO MAURÍCIO DE NASSAU,UNINASSAU,1121386,AC - UNINASSAU (UNAMA-RIO BRANCO),"Estrada da Floresta, AC - UNINASSAU (UNAMA-RIO BRANCO), 2320 - Floresta Sul",A,Rio Branco,AC
2835,CENTRO UNIVERSITÁRIO MAURÍCIO DE NASSAU,UNINASSAU,1165897,AC - RIO BRANCO (BOSQUE II),"Rua Alvorada, AC - RIO BRANCO (BOSQUE II), 421 - Bosque",A,Rio Branco,AC
2835,CENTRO UNIVERSITÁRIO MAURÍCIO DE NASSAU,UNINASSAU,1075346,Polo Arapiraca I,"Rua Dom Felício Vasconcelos, Polo Arapiraca I, 320 - Capiatã",A,Arapiraca,AL
2835,CENTRO UNIVERSITÁRIO MAURÍCIO DE NASSAU,UNINASSAU,1168127,AL - DELMIRO GOUVEIA (CENTRO II),"Rua Visconde de Mauá, AL - DELMIRO GOUVEIA (CENTRO II), 27 - Centro",A,Delmiro Gouveia,AL
2835,CENTRO UNIVERSITÁRIO MAURÍCIO DE NASSAU,UNINASSAU,1126883,AL - MACEIO (BENEDITO BENTES),"Avenida Antônio Lisboa de Amorim, AL - MACEIO (BENEDITO BENTES), 100 - Antares",A,Maceió,AL
2835,CENTRO UNIVERSITÁRIO MAURÍCIO DE NASSAU,UNINASSAU,1126916,AL - MACEIÓ (PETRÓPOLIS II),"Avenida Santo Amaro, AL - MACEIÓ (PETRÓPOLIS II), 2 - Petrópolis",A,Maceió,AL
2835,CENTRO UNIVERSITÁRIO MAURÍCIO DE NASSAU,UNINASSAU,1170553,AL - MACEIÓ (BARRO DURO I),"Rua Doutor George Arroxelas, AL - MACEIÓ (BARRO DURO I), 120 - Barro Duro",A,Maceió,AL
2835,CENTRO UNIVERSITÁRIO MAURÍCIO DE NASSAU,UNINASSAU,1093502,Uninassau (Maceió),"Rua José de Alencar, Uninassau (Maceió), 511 - Farol",A,Maceió,AL
2835,CENTRO UNIVERSITÁRIO MAURÍCIO DE NASSAU,UNINASSAU,1120202,AL - PALMEIRA DOS ÍNDIOS (CENTRO),"Rua Esperidião Sampaio, AL - PALMEIRA DOS ÍNDIOS (CENTRO), 61 - Centro",A,Palmeira dos Índios,AL
2835,CENTRO UNIVERSITÁRIO MAURÍCIO DE NASSAU,UNINASSAU,1082986,Santana do Ipanema/AL (CENTRO),"Rua Coronel Lucena Maranhão, Santana do Ipanema/AL (CENTRO), 197 - Centro",A,Santana do Ipanema,AL
2835,CENTRO UNIVERSITÁRIO MAURÍCIO DE NASSAU,UNINASSAU,1122960,AM - ITACOATIARA (SÃO JORGE),"Avenida Mário Andreazza, AM - ITACOATIARA (SÃO JORGE), 1248 - São Jorge",A,Itacoatiara,AM
2835,CENTRO UNIVERSITÁRIO MAURÍCIO DE NASSAU,UNINASSAU,1129473,AM - MANAUS (SÃO JOSÉ OPERÁRIO II),"Avenida Autaz Mirim, AM - MANAUS (SÃO JOSÉ OPERÁRIO II), 6027 - São José Operário",A,Manaus,AM
2835,CENTRO UNIVERSITÁRIO MAURÍCIO DE NASSAU,UNINASSAU,1179266,AM - MANAUS (ZONA NORTE - UNINORTE/UNINASSAU),"Avenida Autaz Mirim, 282 - Tancredo Neves",A,Manaus,AM
2835,CENTRO UNIVERSITÁRIO MAURÍCIO DE NASSAU,UNINASSAU,1138081,AM - MANAUS (CENTRO II),"Avenida Constantino Nery, AM - MANAUS (CENTRO II), 484 - Centro",A,Manaus,AM
2835,CENTRO UNIVERSITÁRIO MAURÍCIO DE NASSAU,UNINASSAU,1148474,AM - MANAUS (DJALMA BATISTA),"Avenida Djalma Batista, AM - MANAUS (DJALMA BATISTA), 377 - CENTRO",A,Manaus,AM
2835,CENTRO UNIVERSITÁRIO MAURÍCIO DE NASSAU,UNINASSAU,1120261,AM - UNINASSAU (UNINORTE-MANAUS/CENTRO),"Avenida Joaquim Nabuco, AM - UNINASSAU (UNINORTE-MANAUS/CENTRO), 1232 - Centro",A,Manaus,AM
2835,CENTRO UNIVERSITÁRIO MAURÍCIO DE NASSAU,UNINASSAU,1120263,AM - UNINASSAU (UNINORTE-MANAUS/CIDADE NOVA),"Avenida Noel Nutels, AM - UNINASSAU (UNINORTE-MANAUS/CIDADE NOVA), 1006 - Cidade Nova",A,Manaus,AM
2835,CENTRO UNIVERSITÁRIO MAURÍCIO DE NASSAU,UNINASSAU,1129474,AM - MANAUS (CIDADE NOVA II),"Avenida Noel Nutels, AM - MANAUS (CIDADE NOVA II), 2101 - Centro",A,Manaus,AM
2835,CENTRO UNIVERSITÁRIO MAURÍCIO DE NASSAU,UNINASSAU,1168130,AM - MANAUS (ALEIXO),"AVENIDA TEFÉ, AM - MANAUS (ALEIXO), 850 - Aleixo",A,Manaus,AM
2835,CENTRO UNIVERSITÁRIO MAURÍCIO DE NASSAU,UNINASSAU,1122961,AM - MANAUS (DA PAZ II),"Avenida Torquato Tapajós, AM - MANAUS (DA PAZ II), 1947 - Da Paz",A,Manaus,AM
2835,CENTRO UNIVERSITÁRIO MAURÍCIO DE NASSAU,UNINASSAU,1170354,AM - MANAUS (JAPIIM),"Rua Maria Mansour, AM - MANAUS (JAPIIM), 90 - Japiim",A,Manaus,AM
2835,CENTRO UNIVERSITÁRIO MAURÍCIO DE NASSAU,UNINASSAU,1170325,AM - MANAUS (SÃO JOSÉ OPERÁRIO lV),"Rua Professora Maria Antony, AM - MANAUS (SÃO JOSÉ OPERÁRIO lll), 61 A - São José Operário",A,Manaus,AM
2835,CENTRO UNIVERSITÁRIO MAURÍCIO DE NASSAU,UNINASSAU,1170541,AM - MANAUS (SÃO JOSÉ OPERÁRIO lll),"Rua Professora Maria Antony, AM - MANAUS (SÃO JOSÉ OPERÁRIO lll), 61A - São José Operário",A,Manaus,AM
2835,CENTRO UNIVERSITÁRIO MAURÍCIO DE NASSAU,UNINASSAU,1168135,AM - URUCARÁ (APARECIDA),"RUA CORONEL PINTO, AM - URUCARÁ (APARECIDA), 1136 - Aparecida",A,Urucará,AM
2835,CENTRO UNIVERSITÁRIO MAURÍCIO DE NASSAU,UNINASSAU,1107062,AP - LARANJAL DO JARI (AGRESTE II),"RUA RIO JARI, AP - LARANJAL DO JARI (AGRESTE II), 1143 - AGRESTE II",A,Laranjal do Jari,AP
2835,CENTRO UNIVERSITÁRIO MAURÍCIO DE NASSAU,UNINASSAU,1137770,AP - UNINASSAU (UNAMA-MACAPÁ),"Rodovia Juscelino Kubitschek, AP - UNINASSAU (UNAMA-MACAPÁ), S/N - Universidade",A,Macapá,AP
2835,CENTRO UNIVERSITÁRIO MAURÍCIO DE NASSAU,UNINASSAU,1174768,BA - BARRA (CENTRO),"Rua Dom João Muniz, 250 - Centro",A,Barra,BA
2835,CENTRO UNIVERSITÁRIO MAURÍCIO DE NASSAU,UNINASSAU,1137766,BA - UNINASSAU (UNIFASB),"Avenida São Desidério, BA - UNINASSAU (UNIFASB), 2440 - Ribeirão",A,Barreiras,BA
14717,Centro Universitário Maurício de Nassau de Caruaru,Uninassau Caruaru,1046564,Sede,"Entroncamento da Rodovia BR-232 com a BR 104, - do km 135,500 ao km 137,000, 1215 - Agamenom Magalhães",A,Caruaru,PE
4153,CENTRO UNIVERSITÁRIO MAURÍCIO DE NASSAU DERBY,UNINASSAU,1115015,AC - UNINABUCO (RIO BRANCO),"Shopping Via Verde, AC - UNINABUCO (RIO BRANCO), 2320 - Floresta Sul",A,Rio Branco,AC
4153,CENTRO UNIVERSITÁRIO MAURÍCIO DE NASSAU DERBY,UNINASSAU,1115018,AL - UNINABUCO (ARAPIRACA),"Rua Dom Felício de Vasconcelos, AL - UNINABUCO (ARAPIRACA), 320 - Capitã",A,Arapiraca,AL
4153,CENTRO UNIVERSITÁRIO MAURÍCIO DE NASSAU DERBY,UNINASSAU,1134412,AL - MACEIO (BENEDITO BENTES),"Avenida Antônio Lisboa de Amorim, AL - MACEIO (BENEDITO BENTES), 100 - Antares",A,Maceió,AL
4153,CENTRO UNIVERSITÁRIO MAURÍCIO DE NASSAU DERBY,UNINASSAU,1134413,AL - MACEIÓ (PETRÓPOLIS II),"Avenida Santo Amaro, AL - MACEIÓ (PETRÓPOLIS II), 2 - Petrópolis",A,Maceió,AL
4153,CENTRO UNIVERSITÁRIO MAURÍCIO DE NASSAU DERBY,UNINASSAU,1170575,AL - MACEIÓ (BARRO DURO I),"Doutor George Arroxelas, AL - MACEIÓ (BARRO DURO I),  - Barro Duro",A,Maceió,AL
4153,CENTRO UNIVERSITÁRIO MAURÍCIO DE NASSAU DERBY,UNINASSAU,1115019,AL - UNINABUCO (MACEIO),"Rua José de Alencar, AL - UNINABUCO (MACEIO), 511 - Farol",A,Maceió,AL
4153,CENTRO UNIVERSITÁRIO MAURÍCIO DE NASSAU DERBY,UNINASSAU,1135199,AM - ITACOATIARA (SÃO JORGE),"Avenida Mário Andreazza, AM - ITACOATIARA (SÃO JORGE), 1248 - São Jorge",A,Itacoatiara,AM
4153,CENTRO UNIVERSITÁRIO MAURÍCIO DE NASSAU DERBY,UNINASSAU,1130274,AM - UNINABUCO (UNINORTE-MANAUS/CENTRO),"Avenida Joaquim Nabuco, AM - UNINABUCO (UNINORTE-MANAUS/CENTRO), 1232 - Centro",A,Manaus,AM
4153,CENTRO UNIVERSITÁRIO MAURÍCIO DE NASSAU DERBY,UNINASSAU,1130278,AM - UNINABUCO (UNINORTE-MANAUS/CIDADE NOVA),"Avenida Noel Nutels, AM - UNINABUCO (UNINORTE-MANAUS/CIDADE NOVA), 1006 - Cidade Nova",A,Manaus,AM
4153,CENTRO UNIVERSITÁRIO MAURÍCIO DE NASSAU DERBY,UNINASSAU,1135203,AM - MANAUS (CIDADE NOVA II),"Avenida Noel Nutels, AM - MANAUS (CIDADE NOVA II), 2101 Sala 27 - Centro",A,Manaus,AM
4153,CENTRO UNIVERSITÁRIO MAURÍCIO DE NASSAU DERBY,UNINASSAU,1179288,AM - MANAUS (SÃO JOSÉ OPERÁRIO lV),"Rua Professora Maria Antony, 61 A - São José Operário",A,Manaus,AM
4153,CENTRO UNIVERSITÁRIO MAURÍCIO DE NASSAU DERBY,UNINASSAU,1130284,AP - UNINABUCO (UNAMA-MACAPÁ),"Rodovia Juscelino Kubitschek, AP - UNINABUCO (UNAMA-MACAPÁ), S/N - Universidade",A,Macapá,AP
4153,CENTRO UNIVERSITÁRIO MAURÍCIO DE NASSAU DERBY,UNINASSAU,1168032,BA - FEIRA DE SANTANA (CENTRO III),"Rua Georgina Erisman, BA - FEIRA DE SANTANA (CENTRO III), 197 - Centro",A,Feira de Santana,BA
4153,CENTRO UNIVERSITÁRIO MAURÍCIO DE NASSAU DERBY,UNINASSAU,1130292,BA - UNINABUCO (UNINASSAU-SALVADOR/PITUBA),"Rua dos Maçons, BA - UNINABUCO (UNINASSAU-SALVADOR/PITUBA), 364 - Pituba",A,Salvador,BA
4153,CENTRO UNIVERSITÁRIO MAURÍCIO DE NASSAU DERBY,UNINASSAU,1115021,BA - UNINABUCO (VITÓRIA DA CONQUISTA),"Avenida Otávio Santos, BA - UNINABUCO (VITÓRIA DA CONQUISTA), 158 - Recreio",A,Vitória da Conquista,BA
4153,CENTRO UNIVERSITÁRIO MAURÍCIO DE NASSAU DERBY,UNINASSAU,1162930,CE - FORTALEZA (ENG. LUCIANO CAVANCANTE - UNINASSAU/UNINABUCO),"Avenida Almirante Maximiniano da Fonseca, CE - FORTALEZA (ENG. LUCIANO CAVANCANTE - UNINASSAU/UNINABUCO), 1395 - Engenheiro Luciano Cavalcante",A,Fortaleza,CE
4153,CENTRO UNIVERSITÁRIO MAURÍCIO DE NASSAU DERBY,UNINASSAU,1115029,CE - UNINABUCO (FORTALEZA),"Avenida Visconde do Rio Branco, CE - UNINABUCO (FORTALEZA),  - Centro",A,Fortaleza,CE
4153,CENTRO UNIVERSITÁRIO MAURÍCIO DE NASSAU DERBY,UNINASSAU,1115026,CE - UNINABUCO (PARANGABA),"Rua Germano Franck, CE - UNINABUCO (PARANGABA), 567 - Parangaba",A,Fortaleza,CE
4153,CENTRO UNIVERSITÁRIO MAURÍCIO DE NASSAU DERBY,UNINASSAU,1115027,CE - UNINABUCO (MARACANAÚ),"Avenida I, CE - UNINABUCO (MARACANAÚ), 101 - Jereissati I",A,Maracanaú,CE
4153,CENTRO UNIVERSITÁRIO MAURÍCIO DE NASSAU DERBY,UNINASSAU,1136029,CE - SALITRE (CENTRO),"Rua Travessa Fortaleza, CE - SALITRE (CENTRO), 144 - Centro",A,Salitre,CE
4153,CENTRO UNIVERSITÁRIO MAURÍCIO DE NASSAU DERBY,UNINASSAU,1165954,DF - BRASÍLIA (SOBRADINHO III),"Quadra 6 Area especial 4, DF - BRASÍLIA (SOBRADINHO III),  - Sobradinho",A,Brasília,DF
4153,CENTRO UNIVERSITÁRIO MAURÍCIO DE NASSAU DERBY,UNINASSAU,1134391,DF - BRASILIA (RIACHO MALL SHOPPING),"Quadra QN 7 Área Especial 1, DF - BRASILIA (RIACHO MALL SHOPPING), LOJA 107 - Riacho Fundo I",A,Brasília,DF
4153,CENTRO UNIVERSITÁRIO MAURÍCIO DE NASSAU DERBY,UNINASSAU,1115030,DF - UNINABUCO (BRASÍLIA),"Quadra QNM 34 Área Especial 1, DF - UNINABUCO (BRASÍLIA), 1 - Taguatinga Norte (Taguatinga)",A,Brasília,DF
4153,CENTRO UNIVERSITÁRIO MAURÍCIO DE NASSAU DERBY,UNINASSAU,1136017,DF - BRASÍLIA (ASA SUL),"Quadra SBS Quadra 2, DF - BRASÍLIA (ASA SUL), 12 - Asa Sul",A,Brasília,DF
4153,CENTRO UNIVERSITÁRIO MAURÍCIO DE NASSAU DERBY,UNINASSAU,1169220,GO - ANÁPOLIS (JUNDIAI III),"Avenida Juscelino Kubitschek, GO - ANÁPOLIS (JUNDIAI II),  - Jundiai II",A,Anápolis,GO
4153,CENTRO UNIVERSITÁRIO MAURÍCIO DE NASSAU DERBY,UNINASSAU,1165963,GO - GOIÂNIA (PEDRO LUDOVICO),"Circular, GO - GOIÂNIA (PEDRO LUDOVICO), 1192 - Setor Pedro Ludovico",A,Goiânia,GO
4153,CENTRO UNIVERSITÁRIO MAURÍCIO DE NASSAU DERBY,UNINASSAU,1136019,GO - GOIÂNIA (SETOR MARISTA II),"Rua 26, GO - GOIÂNIA (SETOR MARISTA II), S/N - Setor Marista",A,Goiânia,GO
4153,CENTRO UNIVERSITÁRIO MAURÍCIO DE NASSAU DERBY,UNINASSAU,1136020,GO - JARAGUÁ (JD. AEROPORTO),"Avenida Presidente Vargas, GO - JARAGUÁ (JD. AEROPORTO), Q 16, L 05, 516 - Jardim Aeroporto II",A,Jaraguá,GO
4153,CENTRO UNIVERSITÁRIO MAURÍCIO DE NASSAU DERBY,UNINASSAU,1165955,MA - SÃO LUÍS (CIDADE OPERÁRIA),"Rua 03, MA - SÃO LUÍS (CIDADE OPERÁRIA), 08 - Cidade Operária",A,São Luís,MA
4153,CENTRO UNIVERSITÁRIO MAURÍCIO DE NASSAU DERBY,UNINASSAU,1130304,MA - UNINABUCO (UNINASSAU-SAO LUIS),"Rua Zoé Cerveira, MA - UNINABUCO (UNINASSAU-SAO LUIS), 120 - Alemanha",A,São Luís,MA
4118,Centro Universitário Maurício de Nassau Paulista,UNINASSAU PAULISTA,658598,PAULISTA - JANGA,"Avenida Doutor Cláudio José Gueiros Leite, 2939 - Janga",-,Paulista,PE
4118,Centro Universitário Maurício de Nassau Paulista,UNINASSAU PAULISTA,659766,Unidade SEDE,"Avenida Senador Salgado Filho, Unidade SEDE, s/n - Centro",A,Paulista,PE
4118,Centro Universitário Maurício de Nassau Paulista,UNINASSAU PAULISTA,1075958,Shopping Paulista,"Avenida Senador Salgado Filho, Shopping Paulista, S/N - Centro",-,Paulista,PE
4118,Centro Universitário Maurício de Nassau Paulista,UNINASSAU PAULISTA,1069885,Unidade PE 15,"Rodovia PE-15, S/N - Centro",-,Paulista,PE
1676,CENTRO UNIVERSITÁRIO SÃO MIGUEL,UNISÃOMIGUEL,1161957,Mundo Plaza - Salvador,"Avenida Tancredo Neves, Mundo Plaza - Salvador, 620 - Caminho das Árvores",A,Salvador,BA
1676,CENTRO UNIVERSITÁRIO SÃO MIGUEL,UNISÃOMIGUEL,1161955,Palácio da Agricultura - DF,"Quadra SBN Quadra 1 Bloco F, Palácio da Agricultura - DF,  - Asa Norte",A,Brasília,DF
1676,CENTRO UNIVERSITÁRIO SÃO MIGUEL,UNISÃOMIGUEL,1162486,Enseada do Suá,"Rua José Alexandre Buaiz, Enseada do Suá, 300 - Enseada do Suá",A,Vitória,ES
1676,CENTRO UNIVERSITÁRIO SÃO MIGUEL,UNISÃOMIGUEL,1162488,Center Shopping,"Avenida João Naves de Ávila, Center Shopping, 1331 - Santa Mônica",A,Uberlândia,MG
1676,CENTRO UNIVERSITÁRIO SÃO MIGUEL,UNISÃOMIGUEL,1068821,Polo JOÃO PESSOA/PB,"Avenida Dom Pedro I, Polo JOÃO PESSOA/PB, 591 - Centro",A,João Pessoa,PB
1676,CENTRO UNIVERSITÁRIO SÃO MIGUEL,UNISÃOMIGUEL,1068820,Polo OLINDA/PE,"Rua do Bonfim, 37 - Carmo",A,Olinda,PE
1676,CENTRO UNIVERSITÁRIO SÃO MIGUEL,UNISÃOMIGUEL,1066361,Clinica-Escola de Saúde,"Avenida Beberibe, Clinica-Escola de Saúde, 404 - Encruzilhada",A,Recife,PE
1676,CENTRO UNIVERSITÁRIO SÃO MIGUEL,UNISÃOMIGUEL,1071856,Av. Conde da Boa Vista,"Avenida Conde da Boa Vista, NOVA SEDE - Av. Conde da Boa Vista, 1410 - Boa Vista",A,Recife,PE
1676,CENTRO UNIVERSITÁRIO SÃO MIGUEL,UNISÃOMIGUEL,1097034,NOVA SEDE - Fernandes Vieira n.130,"Edifício Portal da Boa Vista, NOVA SEDE - Fernandes Vieira n.130, 130 - Boa Vista",A,Recife,PE
1676,CENTRO UNIVERSITÁRIO SÃO MIGUEL,UNISÃOMIGUEL,1161975,TIP,"Getúlio Vargas, TIP, s/n - Curado",A,Recife,PE
1676,CENTRO UNIVERSITÁRIO SÃO MIGUEL,UNISÃOMIGUEL,1070296,Campus Imbiribeira,"Rua Barão de Souza Leão, 1647 - Imbiribeira",-,Recife,PE
1676,CENTRO UNIVERSITÁRIO SÃO MIGUEL,UNISÃOMIGUEL,1079903,Campus - NINFAS,"Rua das Ninfas, Campus - NINFAS, 279 e 297 - Soledaded",-,Recife,PE
1676,CENTRO UNIVERSITÁRIO SÃO MIGUEL,UNISÃOMIGUEL,658676,ENDEREÇO NÃO FUNCIONA MAIS,"Rua Dom Bosco, 1308 - Boa Vista",A,Recife,PE
1676,CENTRO UNIVERSITÁRIO SÃO MIGUEL,UNISÃOMIGUEL,1063946,Campus II - R Dom Bosco 1329,"Rua Dom Bosco, Campus II - R Dom Bosco 1329, 1329 - Boa Vista",A,Recife,PE
1676,CENTRO UNIVERSITÁRIO SÃO MIGUEL,UNISÃOMIGUEL,1068819,Polo RECIFE/PE 1,"Rua Dom Bosco, 1308 - Boa Vista",-,Recife,PE
1676,CENTRO UNIVERSITÁRIO SÃO MIGUEL,UNISÃOMIGUEL,1161960,Torre Cícero Dias - Recife,"Rua Padre Carapuceiro, Torre Cícero Dias - Recife, 858 - Boa Viagem",A,Recife,PE
1676,CENTRO UNIVERSITÁRIO SÃO MIGUEL,UNISÃOMIGUEL,1068818,Polo RECIFE/PE 2,"Rua Ramiz Galvão, Polo RECIFE/PE 2, 83 - Arruda",A,Recife,PE
1676,CENTRO UNIVERSITÁRIO SÃO MIGUEL,UNISÃOMIGUEL,1167712,Nova Sede 2024 - Barão de São Borja,"Rua Rua Barão de São Borja - 421 ao fim - ímpar, Nova Sede 2024 - Barão de São Borja, 427 - Boa Vista",A,Recife,PE
1676,CENTRO UNIVERSITÁRIO SÃO MIGUEL,UNISÃOMIGUEL,1161936,Mourisco - Botafogo/RJ,"Praia de Botafogo, Mourisco - Botafogo/RJ, 501 - Botafogo",A,Rio de Janeiro,RJ
1676,CENTRO UNIVERSITÁRIO SÃO MIGUEL,UNISÃOMIGUEL,1161935,Edificio Ventura - Centro,"República do Chile, Edificio Ventura - Centro, 330 - Centro",A,Rio de Janeiro,RJ
1676,CENTRO UNIVERSITÁRIO SÃO MIGUEL,UNISÃOMIGUEL,1161945,Edifício Guaiba - Praia de Belas,"Avenida Dolores Alcaraz Caldas, Edifício Guaiba - Praia de Belas, 90 - Praia de Belas",A,Porto Alegre,RS
1676,CENTRO UNIVERSITÁRIO SÃO MIGUEL,UNISÃOMIGUEL,1161923,Alphaville Jacarandá - Barueri,"Marcos Penteado de Ulhôa Rodrigues, Alphaville Jacarandá - Barueri, 939 - Tamboré",A,Barueri,SP
1676,CENTRO UNIVERSITÁRIO SÃO MIGUEL,UNISÃOMIGUEL,1161910,Galleria Plaza - Campinas,"Doutor José Bonifácio Coutinho Nogueira, Galleria Plaza - Campinas, 150 - Jardim Madalena",A,Campinas,SP
1676,CENTRO UNIVERSITÁRIO SÃO MIGUEL,UNISÃOMIGUEL,1161925,Regus Autonomistas - Osasco,"Avenida dos Autonomistas, Regus Autonomistas - Osasco, 2561 - Centro",A,Osasco,SP
1676,CENTRO UNIVERSITÁRIO SÃO MIGUEL,UNISÃOMIGUEL,1161928,Domo Corporade - São Bernardo do Campo,"Avenida José Versolato, Domo Corporade - São Bernardo do Campo, 101 - Centro",A,São Bernardo do Campo,SP
1676,CENTRO UNIVERSITÁRIO SÃO MIGUEL,UNISÃOMIGUEL,1161884,Chácara Santo Antonio,"Alexandre Dumas, Chácara Santo Antonio, 1711 - Chácara Santo Antônio (Zona Sul)",A,São Paulo,SP
1676,CENTRO UNIVERSITÁRIO SÃO MIGUEL,UNISÃOMIGUEL,1161906,Spaces - Vila Madalena,"Capitão Antônio Rosa, Spaces - Vila Madalena, 409 - Jardim Paulistano",A,São Paulo,SP
2409,CENTRO UNIVERSITÁRIO TABOSA DE ALMEIDA,ASCES-UNITA,659132,Unidade SEDE,"Avenida Portugal, 584 - Universitário",A,Caruaru,PE
1709,Centro Universitário Tiradentes de Pernambuco,UNIT PE,32061,Unidade Caxangá,"Avenida Caxangá, Unidade Caxangá, 4.477 - Iputinga",-,Recife,PE
1709,Centro Universitário Tiradentes de Pernambuco,UNIT PE,1063590,Unidade Caxangá II,"Avenida Caxangá, - de 4024 ao fim - lado par, 4302 - Iputinga",-,Recife,PE
1709,Centro Universitário Tiradentes de Pernambuco,UNIT PE,1135314,Campus Zona Sul,"Avenida Marechal Mascarenhas de Morais, Campus Zona Sul, 3905 - Imbiribeira",-,Recife,PE
1709,Centro Universitário Tiradentes de Pernambuco,UNIT PE,1047256,Unidade Casa Amarela,"R. Doutor Tomé Dias, 202 - Casa Amarela",-,Recife,PE
1709,Centro Universitário Tiradentes de Pernambuco,UNIT PE,1063658,Nossa Senhora do Carmo,"Rua Barão de São Borja - 421 ao fim - ímpar, 427 - Boa Vista",-,Recife,PE
1709,Centro Universitário Tiradentes de Pernambuco,UNIT PE,1069970,NOVA MADALENA,"Rua Demócrito de Souza Filho, 452 - Madalena",-,Recife,PE
1709,Centro Universitário Tiradentes de Pernambuco,UNIT PE,25580,Unidade Dom Bosco,"Rua Dom Bosco, Unidade Dom Bosco, 687 - Boa Vista",-,Recife,PE
1709,Centro Universitário Tiradentes de Pernambuco,UNIT PE,658703,Campus Madalena,"Rua José Osório, 124 - Madalena",-,Recife,PE
1328,Centro Universitário Uninovo,UNINOVO,688979,CAMPUS  - OLINDA - BAIRRO NOVO,"Av.Getúlio Vargas, 1360 - Bairro Novo",A,Olinda,PE
,,,1048754,Campus Principal,"Avenida Marechal Mascarenhas de Morais, 2169 - Imbiribeira",-,Recife,PE
17612,DIRETORIA DE FORMAÇÃO E DESENVOLVIMENTO PROFISSIONAL,FUNDAJ,1059511,Campus Derby,"Rua Henrique Dias, - de 422/423 ao fim,  - Derby",-,Recife,PE
4858,ESCOLA SUPERIOR DE SAÚDE DE ARCOVERDE,ESSA,659953,CAMPUS  - ARCOVERDE - SÃO CRISTÓVÃO,"Rua Gumercindo Cavalcanti, Prédio, s/n - São Cristóvão",-,Arcoverde,PE
20570,Faculdade Alpha,Alpha,1072579,Campus Principal,"Rua Gervásio Pires, 826 - Santo Amaro",-,Recife,PE
3148,FACULDADE ANCHIETA DO RECIFE,FAR,1065368,Faculdade Anchieta do Recife - Sede,"Avenida Engenheiro Domingos Ferreira, - de 1352 a 2200 - lado par, 1990 - Boa Viagem",-,Recife,PE
3148,FACULDADE ANCHIETA DO RECIFE,FAR,1076452,FACULDADE ANCHIETA DO RECIFE,"Avenida Engenheiro Domingos Ferreira, - de 1352 a 2200 - lado par, 2050 - Boa Viagem",A,Recife,PE
3148,FACULDADE ANCHIETA DO RECIFE,FAR,1116496,Faculdade Anchieta do Recife - FAR,"Rua Carlos Gomes, Faculdade Anchieta do Recife - FAR, 822 - Prado",-,Recife,PE
3148,FACULDADE ANCHIETA DO RECIFE,FAR,659385,CAMPUS  - RECIFE - BOA VIAGEM,"Rua Ernesto de Paula Santos, 607 - Boa Viagem",-,Recife,PE
3148,FACULDADE ANCHIETA DO RECIFE,FAR,1050982,UNIDADE SEDE,"Rua Professor Aurélio de Castro Cavalcanti, 511 - Boa Viagem",-,Recife,PE
23897,FACULDADE ANHANGUERA DE CARUARU,Unificação de Mantidas: Processo nÂº 202332517,1101180,Campus Principal,"Avenida Cleto Campelo, - lado par, 36 - Maurício de Nassau",-,Caruaru,PE
,,,1081319,Campus Principal,"Avenida Monsenhor Ângelo Sampaio, - de 541/542 ao fim, 696 - Vila Eduardo",-,Petrolina,PE
24190,Faculdade Barros Melo Recife,UNIAESO,1101760,Campus Principal,"Rua do Bom Jesus, 137 - Recife",-,Recife,PE
26267,Faculdade Brasileira de Medicina e Saúde,CMBS,1126798,Campus Principal,"Rua Professor Severino Tolentino, - até 498/499, 144 - Piedade",A,Jaboatão dos Guararapes,PE
2723,FACULDADE CATÓLICA IMACULADA CONCEIÇÃO DO RECIFE,CATÓLICA,1093709,Sede,"Avenida Caxangá, Sede, 3839 - Iputinga",-,Recife,PE
2723,FACULDADE CATÓLICA IMACULADA CONCEIÇÃO DO RECIFE,CATÓLICA,659271,CAMPUS  - RECIFE - APIPUCOS,"Rua Jorge Tasso Neto, 318 - Apipucos",-,Recife,PE
2723,FACULDADE CATÓLICA IMACULADA CONCEIÇÃO DO RECIFE,CATÓLICA,1076040,CAMPUS - RECIFE - APIPUCOS,"Rua Jorge Tasso Neto, 318 - Apipucos",-,Recife,PE
19369,Faculdade CEAM,CEAM,1129445,Sede Rec,"Rua Joaquim Felipe, Sede Rec, 73 - Boa Vista",-,Recife,PE
19369,Faculdade CEAM,CEAM,1069093,Campus Antigo,"Travessa Visconde de Abaeté, 200 - Tamarineira",-,Recife,PE
23191,Faculdade Central do Recife,Centro -  FACEN,1091069,Campus Principal,"Rua Velha, 34 A - Boa Vista",-,Recife,PE
17091,Faculdade CERS,CERS,1055966,FAN Recife,"Avenida Rui Barbosa, - até 895/896, 57 - Graças",A,Recife,PE
17091,Faculdade CERS,CERS,1094841,Faculdade CERS - Nova Sede,"Avenida Rui Barbosa, CERS, 715 - Graças",-,Recife,PE
17091,Faculdade CERS,CERS,1096611,Polo CERS Recife,"Avenida Rui Barbosa, 715 - Gra?as",A,Recife,PE
19327,Faculdade Cesar,FCE,1068683,Campus Principal,"Rua do Brum, 77 - Recife",A,Recife,PE
25712,FACULDADE CESPU EUROPA BRASIL,FACCE,1118530,Campus Principal,"Estrada da Batalha, - lado par, 1200 - Jardim Jordão",-,Jaboatão dos Guararapes,PE
19860,FACULDADE CONCEITO EDUCACIONAL,FACCON,1116298,Sede,"Avenida Dom Pedro II, Sede, 330 - Centro",-,Arcoverde,PE
19860,FACULDADE CONCEITO EDUCACIONAL,FACCON,1070404,Campus Principal,"Avenida Osvaldo Cruz, KM 270, BR 232, 10017 - São Cristóvão",-,Arcoverde,PE
19860,FACULDADE CONCEITO EDUCACIONAL,FACCON,1138847,Faculdade Conceito Educacional - FACCON,"Rua Anízio Pacheco Duque, Faculdade Conceito Educacional - FACCON, 1000 - São Miguel",-,Arcoverde,PE
1881,FACULDADE DA ESCADA,FAESC,658841,Unidade SEDE,"Rua Coronel Antônio Marques, 67 - Centro",A,Escada,PE
3631,FACULDADE DAMAS DA INSTRUÇÃO CRISTÃ,FADIC,1042476,Unidade SEDE,"Avenida Rui Barbosa, 1426 - Bairro das Graças",A,Recife,PE
1454,"FACULDADE DE ADMINISTRAÇÃO, SAÚDE E TECNOLOGIA",FAST,658498,CAMPUS  - RECIFE - BOA VISTA,"Rua Dom Bosco, 551 - Boa Vista",-,Recife,PE
704,FACULDADE DE CIÊNCIAS AGRÁRIAS DE ARARIPINA,FACIAGRA,658039,UNIDADE  - ARARIPINA - CENTRO,"Avenida Florentino Alves Batista, CAMPUS UNIVERSITÁRIO, S/N - CENTRO",-,Araripina,PE
704,FACULDADE DE CIÊNCIAS AGRÁRIAS DE ARARIPINA,FACIAGRA,1062791,FACIAGRA - FACULDADE DE CIÊNCIAS AGRÁRIAS DE ARARIPINA,"RODOVIA PE 615 KM 02, VILA SANTA MARIA, SN - VILA SANTA MARIA",-,Araripina,PE
686,FACULDADE DE CIÊNCIAS APLICADAS DE LIMOEIRO,FACAL,658031,CAMPUS  - LIMOEIRO - CENTRO,"Avenida Jerônimo Heraclio, PREDIO, 81 - CENTRO",-,Limoeiro,PE
686,FACULDADE DE CIÊNCIAS APLICADAS DE LIMOEIRO,FACAL,1062988,SEDE,"AV. JERÔNIMO HERÁCLIO, PRÉDIO, 81 - CENTRO",-,Limoeiro,PE
17775,Faculdade de Ciências da Saúde de Serra Talhada,FACISST,1059471,Campus Principal,"Avenida Afonso Magalhães, - até 446/447, SN - São Cristóvão",-,Serra Talhada,PE
17116,Faculdade de Ciências de Goiana,FCG,1056029,Campus Principal,"Rua da Telpe, Praça Duque de Caixias, 621 - Centro",-,Goiana,PE
17116,Faculdade de Ciências de Goiana,FCG,1058114,Faculdade de Ciências de Goiana,"Rua Duque de Caxias, 621 - Centro",-,Goiana,PE
1021,FACULDADE DE CIÊNCIAS DE TIMBAÚBA,FACET,688173,Unidade SEDE,"Av Antonio Xavier de Morais, 3 - SAPUCAIA",-,Timbaúba,PE
23798,Faculdade de Ciências e Educação em Saúde,FACCESA,1099457,Campus Principal,"Avenida Conselheiro Aguiar, - de 1367 a 2255 - lado ímpar, 1729 - Boa Viagem",-,Recife,PE
702,FACULDADE  DE CIÊNCIAS E TECNOLOGIA PROFESSOR DIRSON MACIEL DE BARROS,FADIMAB,1043641,Unidade SEDE,"Rua Poço do Rei, ANEXO, S/N - CENTRO",-,Goiana,PE
144,FACULDADE DE CIÊNCIAS HUMANAS DE OLINDA,FACHO,686122,CAMPUS  - OLINDA - OURO PRETO,"Rodovia PE 15, KM 3.6, S/N - Ouro Preto",-,Olinda,PE
760,FACULDADE DE CIÊNCIAS HUMANAS DE PERNAMBUCO,FCHPE,658085,Unidade SEDE,"Avenida João de Barros, 561 - Boa Vista",-,Recife,PE
753,FACULDADE DE CIÊNCIAS HUMANAS DO SERTÃO CENTRAL,FACHUSC,1054079,FACHUSC,"RUA ANTONIO FILGUEIRA SAMPAIO, 134 - NOSSA SENHORA DAS GRAÇAS",-,Salgueiro,PE
753,FACULDADE DE CIÊNCIAS HUMANAS DO SERTÃO CENTRAL,FACHUSC,707655,CAMPUS - SALGUEIRO - AUGUSTO SAMPAIO,"RUA ANTÔNIO FILGUEIRA SAMPAIO, 134 - AUGUSTO SAMPAIO",-,Salgueiro,PE
3617,FACULDADE DE CIÊNCIAS HUMANAS E EXATAS DO SERTÃO DO SÃO FRANCISCO,FACESF,659567,Unidade SEDE,"Rua Coronel Trapiá, 202 - Centro",-,Belém de São Francisco,PE
720,FACULDADE DE CIÊNCIAS HUMANAS E SOCIAIS APLICADAS DO CABO DE SANTO AGOSTINHO,FACHUCA,637,Faculdade de Ciencias Humanas e Sociais Aplicadas do Cabo,"Rua do Campo, S/N, S/N - Destilaria",-,Cabo de Santo Agostinho,PE
720,FACULDADE DE CIÊNCIAS HUMANAS E SOCIAIS APLICADAS DO CABO DE SANTO AGOSTINHO,FACHUCA,1040885,Unidade SEDE,"Rua Sebastião Joventino, S/N - DESTILARIA",-,Cabo de Santo Agostinho,PE
5664,FACULDADE DE CIÊNCIAS HUMANAS E SOCIAIS DE ARARIPINA,FACISA - FACISA,660099,CAMPUS  - ARARIPINA - VILA SANTA MARIA,"Rodovia Araripina/Lagoa de Dentro Km2, s/n - Vila Santa Maria",-,Araripina,PE
15410,Faculdade de Ciencias Humanas e Sociais de Serra Talhada,FACHUSST,1049991,UNIDADE ACADÊMICA E ADMINISTRATIVA,"Avenida Afonso Magalhães, s/n FAFOPST-Faculdade de Formação de Professores de Serra Talhada, s/n - Várzea",-,Serra Talhada,PE
410,FACULDADE DE CIÊNCIAS HUMANAS ESUDA,FCHE,657881,CAMPUS  - RECIFE - SANTO AMARO,"Rua Almeida Cunha, 100 - Santo Amaro",-,Recife,PE
,,,1081304,Campus Principal,"Rua Doutor Henrique Nascimento, 41 - São Pedro",-,Belo Jardim,PE
4356,FACULDADE DE CIÊNCIAS SOCIAIS DOS PALMARES,FACIP,1040997,Unidade SEDE,"Br 101 K 186 Sul, s/n - Engenho São Manoel",-,Palmares,PE
21583,FACULDADE DE EDUCAÇÃO SUPERIOR DE PERNAMBUCO,FAESPE,1076397,Campus extinto,"Rua Governador Eraldo Gueiros Leite, B, n 82, B - Centro",-,Petrolina,PE
21583,FACULDADE DE EDUCAÇÃO SUPERIOR DE PERNAMBUCO,FAESPE,1116173,FACULDADE FAESPE,"Rua São Francisco, FACULDADE FAESPE, 446 - Atrás da Banca",-,Petrolina,PE
17715,FACULDADE DE EDUCAÇÃO SUPERIOR DE PERNAMBUCO,FACESP,1059389,Faculdade de Educação Superior de Pernambuco,"Praça Centenário, s/n - Centro",-,Petrolina,PE
17715,FACULDADE DE EDUCAÇÃO SUPERIOR DE PERNAMBUCO,FACESP,1082139,Faculdade de Educação Superior de Pernambuco,"Rua Matias de Albuquerque, Faculdade de Educação Superior de Pernambuco, 123 - Gercino Coelho",A,Petrolina,PE
24991,FACULDADE DE EDUCAÇÃO VALE DO PAJEÚ,FVP,1108830,Campus Principal,"Quadra 01, lotes 04 a 08 - Loteamento Riacho Verdejante",-,Bezerros,PE
72,FACULDADE DE FORMAÇÃO DE PROFESSORES DA MATA SUL,FAMASUL,657714,UNIDADE  - PALMARES - ENGENHO SAO MANOEL,"Br 101 Km 186 Sul, S/N - ENGENHO SAO MANOEL",-,Palmares,PE
703,FACULDADE DE FORMAÇÃO DE PROFESSORES DE ARARIPINA,FAFOPA,658038,CAMPUS  - ARARIPINA - CENTRO,"Avenida Florentino Alves Batista, CAmpus Universitário, S/N - Centro",-,Araripina,PE
703,FACULDADE DE FORMAÇÃO DE PROFESSORES DE ARARIPINA,FAFOPA,1055151,Araripina-Centro,"Av. Florentino Alves Batista, Campus Universitário, s/n - Centro",-,Araripina,PE
657,FACULDADE DE FORMAÇÃO DE PROFESSORES DE SERRA TALHADA,FAFOPST,658010,CAMPUS  - SERRA TALHADA - NSª DA CONCEIÇÃO,"Avenida Afonso Magalhães, PRÉDIO, S/N - NSª DA CONCEIÇÃO",-,Serra Talhada,PE
21556,FACULDADE DE GOIANA,FAG,1129434,FACULDADE DE GOIANA - CAMPUS PRINCIPAL,"Avenida Nunes Machado, FACULDADE DE GOIANA - UNIDADE 2, 199 - Centro",-,Goiana,PE
16879,Faculdade de Medicina de Olinda,FMO,1055271,Olinda-Bairro Novo,"Rua Doutor Manoel de Almeida Belo, 1353 - Bairro Novo",-,Olinda,PE
16879,Faculdade de Medicina de Olinda,FMO,1093640,Olinda-Bairro Novo,"Rua Doutor Manoel de Almeida Belo, 1333 - Bairro Novo",-,Olinda,PE
24470,Faculdade de Medicina do Sertão,FMS,1108858,Endereço Sede,"Avenida Osvaldo Cruz, BR 232, km 270, 10.017 - São Cristóvão",-,Arcoverde,PE
3146,FACULDADE DE ODONTOLOGIA DO RECIFE,FOR,1041298,Unidade SEDE,"Rua Artur Coutinho, 143 - Santo Amaro",-,Recife,PE
692,FACULDADE DE PETROLINA,FACAPE,1047890,Campus Principal,"Campus Universitario, s/n - Vila Eduardo",-,Petrolina,PE
692,FACULDADE DE PETROLINA,FACAPE,658034,CAMPUS  - PETROLINA - VILA EDUARDO,"Campus Universitário, S/N - VILA EDUARDO",-,Petrolina,PE
24056,Faculdade de Saúde do Sertão de Pernambuco,FASPE,1101504,Campus Principal,"Avenida Governador Paulo Pessoa Guerra,, 618 - CENTRO",-,Floresta,PE
22762,Faculdade de Tecnologia e Ciências,FTC Caruaru - FTC - Caruaru,1083027,Campus Principal,"Rua Marechal Cândido Rondon, 214 - Petrópolis",-,Caruaru,PE
20607,Faculdade de Tecnologia e Ciências,FTC Petrolina - FTC Petrolina,1072694,Campus Principal,"Avenida Clementino Coelho, 714 - Centro",A,Petrolina,PE
14412,FACULDADE DE TECNOLOGIA SENAI PERNAMBUCO,Em Descredenciamento voluntário: Conforme processo SEI nº 23000.008939/2024-01.,1045726,Faculdade SENAI Pernambuco de Tecnologia - Und. Sto.Amaro,"Avenida Norte Miguel Arraes de Alencar, ESCOLA TÉCNICA SENAI - UNIDADE SANTO AMARO, MANOEL DE BRITO, 539 - Santo Amaro",-,Recife,PE
3376,FACULDADE DE TEOLOGIA INTEGRADA,FATIN,1096312,FATIN Manaus/AM,"Rua João Alfredo, FATIN Manaus/AM FAEETAM, 52 - São Geraldo",A,Manaus,AM
3376,FACULDADE DE TEOLOGIA INTEGRADA,FATIN,1070723,Feira de Santana/BA,"Rua Conselheiro Petronílio Pinto, STBIN, 555 - Baraúna",A,Feira de Santana,BA
3376,FACULDADE DE TEOLOGIA INTEGRADA,FATIN,1096764,Paulo Afonso/BA,"Avenida Bahia, Paulo Afonso/BA, 171 - Alves de Souza",A,Paulo Afonso,BA
3376,FACULDADE DE TEOLOGIA INTEGRADA,FATIN,1071757,Salvador/BA,"Avenida Caminho de Areia, Salvador/BA, 249 - Caminho de Areia",A,Salvador,BA
3376,FACULDADE DE TEOLOGIA INTEGRADA,FATIN,1097232,FATIN Brasilia/DF,"Rua Rua 4A, FATIN ISEJEC Brasilia/DF, 191 - Setor Habitacional Vicente Pires",A,Brasília,DF
3376,FACULDADE DE TEOLOGIA INTEGRADA,FATIN,1108139,FATIN Formosa GO,"Rua 10B LT 5 Qd 38, FATIN Formosa GO, 38 - Parque Vila Verde",A,Formosa,GO
3376,FACULDADE DE TEOLOGIA INTEGRADA,FATIN,1071736,FATIN São Luiz/MA,"Avenida 14,  11, FETMA, 16 - Maiobão, paço Lumiar",A,São Luís,MA
3376,FACULDADE DE TEOLOGIA INTEGRADA,FATIN,1071743,Belo Horizonte,"Rua General Ladário, IECEB,  - Goiânia",A,Belo Horizonte,MG
3376,FACULDADE DE TEOLOGIA INTEGRADA,FATIN,1102760,Sede,"Avenida Antônio Vicente Novelino, Sede, 880 - Santo Antônio",-,Igarassu,PE
3376,FACULDADE DE TEOLOGIA INTEGRADA,FATIN,659470,Igarassu/PE Sede,"BR 101 Km 42,5, AC Igarassu -, s/n - Centro",A,Igarassu,PE
3376,FACULDADE DE TEOLOGIA INTEGRADA,FATIN,1040865,Boa Viagem/PE,"Rua Dr. Luiz Correia de Oliveira, Unidade Administrativa, 363 - Boa Viagem",A,Recife,PE
3376,FACULDADE DE TEOLOGIA INTEGRADA,FATIN,1096903,FATIN Nova Iguaçu/RJ,"Rua Dom Walmor, FATIN FAIT Nova Iguaçu/RJ, 192 - Centro",A,Nova Iguaçu,RJ
3376,FACULDADE DE TEOLOGIA INTEGRADA,FATIN,1096293,FATIN - Rio de Janeiro/RJ,"Rua João Vicente, FATIN - IBE - RJ, 7 - Madureira",A,Rio de Janeiro,RJ
3376,FACULDADE DE TEOLOGIA INTEGRADA,FATIN,1096763,FATIN Bangu/RJ,"Rua Silva Cardoso, Humaniza Bangu/RJ, 154 - Bangu",A,Rio de Janeiro,RJ
3376,FACULDADE DE TEOLOGIA INTEGRADA,FATIN,1096306,FATIN Parnamirim/RN,"Avenida Comandante Petit, FATIN ETAP Parnamirim/RN, 905 - Boa Esperança",A,Parnamirim,RN
3376,FACULDADE DE TEOLOGIA INTEGRADA,FATIN,1070990,AME - Instituto Minha Esperança,"Avenida Comendador José Rea, AME - Instituto Minha Esperança, 117 - Vila Rea",A,Poá,SP
3376,FACULDADE DE TEOLOGIA INTEGRADA,FATIN,1107811,Mooca São Paulo SP,"Rua Doutor João Inácio Teixeira, Mooca São Paulo SP, 78 - Vila Bertioga",A,São Paulo,SP
3376,FACULDADE DE TEOLOGIA INTEGRADA,FATIN,1109308,Polo Orlando CBCW,"300 Main Street Windermere, Polo Orlando CBCW, 34786 - Flórida",A,Ignorado ou exterior,ZZ
3376,FACULDADE DE TEOLOGIA INTEGRADA,FATIN,1108123,FATIN Tampa/ Florida,"7601 Jackson Springs Rd Florida, FATIN Tampa/ Florida, 33615 - Tampa",A,Ignorado ou exterior,ZZ
685,FACULDADE DO BELO JARDIM,FBJ,1053092,FACULDADE DO BELO JARDIM,"RODOVIA PE 166, KM 5, S/N - INHUMAS",-,Belo Jardim,PE
685,FACULDADE DO BELO JARDIM,FBJ,1041105,Unidade SEDE,"Sítio Inhumas, Estrada de Serra dos Ventos, s/n - Zona  Rural",-,Belo Jardim,PE
685,FACULDADE DO BELO JARDIM,FBJ,1037464,Unidade SEDE,"SÍTIO INHUMAS, ESTRADA DE SERRA DOS VENTOS, S/N - ZONA RURAL",-,Belo Jardim,PE
2242,FACULDADE DO RECIFE,FAREC,1159123,Unidade Dom Bosco,"Rua Dom Bosco, Unidade Dom Bosco, 551 - Boa Vista",-,Recife,PE
2242,FACULDADE DO RECIFE,FAREC,1073938,Metrô - Afogados,"Rua São Miguel, 176 - Afogados",-,Recife,PE
1012,FACULDADE DO SERTÃO DO PAJEÚ,FASP,1040819,Unidade SEDE,"Rua Doutor Osvaldo Gouveia, S/N - CENTRO",-,Afogados da Ingazeira,PE
21557,FACULDADE DOS PALMARES,FAP,1076338,Sede,"Avenida Coronel Pedro Paranhos, 290 - Centro",-,Palmares,PE
21557,FACULDADE DOS PALMARES,FAP,1108453,SEDE PRINCIPAL,"RODOVIA BR 101 KM 188, SEDE PRINCIPAL, 290 - JAPARANDUBA",-,Palmares,PE
21557,FACULDADE DOS PALMARES,FAP,1150819,Faculdade dos Palmares - FAP,"RODOVIA BR 101, KM 188, Faculdade dos Palmares - FAP, S/N - JAPARANDUBA",-,Palmares,PE
16525,FACULDADE DUARTE COELHO,FDC,1053404,FACULDADE DUARTE COELHO,"PE-90, km 65, s/n - Loteamento Maracajá",-,Surubim,PE
21574,FACULDADE EGAS MONIZ,FEM,1076367,Campus Principal,"Rua João Cardoso Aires, 705 - Boa Viagem",-,Recife,PE
20666,Faculdade ELO,FAELO,1073275,Campus Principal,"Rua José Paraíso, 189 - Boa Viagem",-,Recife,PE
1894,FACULDADE EUROPÉIA DE TECNOLOGIA E CIÊNCIAS HUMANAS,EUROTECH -  EUROTECH,658852,UNIDADE  - JABOATÃO DOS GUARARAPES - PIEDADE,"Avenida Zequinha Barreto, 343 - Piedade",-,Jaboatão dos Guararapes,PE
10613,FACULDADE  FASUP,FASUP,1101249,FACULDADE FASUP,"Avenida Doutor Cláudio José Gueiros Leite, FASUP - FACULDADE DE SAÚDE DE PAULISTA, 3580 - Janga",A,Paulista,PE
10613,FACULDADE  FASUP,FASUP,1101252,SEDE,"Avenida Doutor Cláudio José Gueiros Leite, 3580 - Janga",-,Paulista,PE
10613,FACULDADE  FASUP,FASUP,1070096,Faculdade de Saúde de Paulista,"Avenida João Pereira de Oliveira, 258 - Janga",-,Paulista,PE
10613,FACULDADE  FASUP,FASUP,1003677,FACULDADE DE SAÚDE DE PAULISTA,"Avenida Rodolfo Aureliano, 976 - Vila Torres Galvão",-,Paulista,PE
21928,FACULDADE GRAU S ENSINO SUPERIOR,GRAU,1130484,Arapiraca/AL,"Rua Marechal Deodoro da Fonseca, Arapiraca/AL, 278 - Ouro Preto",A,Arapiraca,AL
21928,FACULDADE GRAU S ENSINO SUPERIOR,GRAU,1166814,Maceió (Tabuleiro)/AL,"Av. Doutor Durval de Góes Monteiro, Maceió (Tabuleiro)/AL, 8870 - Santa Lúcia",A,Maceió,AL
21928,FACULDADE GRAU S ENSINO SUPERIOR,GRAU,1129741,Maceió - Centro/AL,"Avenida Tomás Espíndola, Maceió - Centro/AL, 844 - Farol",A,Maceió,AL
21928,FACULDADE GRAU S ENSINO SUPERIOR,GRAU,1166257,Manaus-Centro/AM,"Av. Djalma Batista, Manaus-Centro/AM, 214 - Centro",A,Manaus,AM
21928,FACULDADE GRAU S ENSINO SUPERIOR,GRAU,1130096,Camaçari/BA,"Rua Contôrno de Centro Administrativo, Camaçari/BA, S/N - Centro",A,Camaçari,BA
21928,FACULDADE GRAU S ENSINO SUPERIOR,GRAU,1166228,Feira de Santana/BA,"Av. Getúlio Vargas, Feira de Santana/BA, 1331 - Ponto Central",A,Feira de Santana,BA
21928,FACULDADE GRAU S ENSINO SUPERIOR,GRAU,1166800,Juazeiro/BA,"Rua Francisco Martins Duarte, Juazeiro/BA, S/N - Centro",A,Juazeiro,BA
21928,FACULDADE GRAU S ENSINO SUPERIOR,GRAU,1130472,Paulo Afonso/BA,"Avenida Apolônio Sales, Paulo Afonso/BA, 1013 - Centro",A,Paulo Afonso,BA
21928,FACULDADE GRAU S ENSINO SUPERIOR,GRAU,1129794,Salvador - São Cristóvão/BA,"Avenida São Cristóvão, Salvador - São Cristóvão/BA, 1100 - São Cristóvão",A,Salvador,BA
21928,FACULDADE GRAU S ENSINO SUPERIOR,GRAU,1129615,Salvador - Cajazeiras/BA,"Estrada da Paciência, Salvador - Cajazeiras/BA, S/ Número - Cajazeiras",A,Salvador,BA
21928,FACULDADE GRAU S ENSINO SUPERIOR,GRAU,1129729,Salvador - Fonte Nova/BA,"Ladeira da Fonte das Pedras, Salvador - Fonte Nova/BA, 432 - Nazaré",A,Salvador,BA
21928,FACULDADE GRAU S ENSINO SUPERIOR,GRAU,1130543,Salvador - Plataforma/BA,"Rua dos Ferroviários, Salvador - Plataforma/BA, S/N - Plataforma",A,Salvador,BA
21928,FACULDADE GRAU S ENSINO SUPERIOR,GRAU,1130245,Vitória da Conquista/BA,"Avenida Bartolomeu de Gusmão, Vitória da Conquista/BA, 744 - Recreio",A,Vitória da Conquista,BA
21928,FACULDADE GRAU S ENSINO SUPERIOR,GRAU,1129561,Fortaleza - Bezerra de Menezes/CE,"Avenida Bezerra de Menezes, Fortaleza - Bezerra de Menezes/CE, 2631 - São Gerardo",A,Fortaleza,CE
21928,FACULDADE GRAU S ENSINO SUPERIOR,GRAU,1129793,Fortaleza - Centro/CE,"Avenida Duque de Caxias, Fortaleza - Centro/CE, 788 - Centro",A,Fortaleza,CE
21928,FACULDADE GRAU S ENSINO SUPERIOR,GRAU,1129947,Fortaleza - Washington Soares/CE,"Avenida Washington Soares, Fortaleza - Washington Soares/CE, 3939 - Sapiranga",A,Fortaleza,CE
21928,FACULDADE GRAU S ENSINO SUPERIOR,GRAU,1129468,Fortaleza/Montese -CE,"Rua Barão de Sobral, Fortaleza/Montese -CE,  - Montese",A,Fortaleza,CE
21928,FACULDADE GRAU S ENSINO SUPERIOR,GRAU,1166815,Iguatu/CE,"Rua Rui Barbosa, Iguatu/CE, S/N - São Sebastião",A,Iguatu,CE
21928,FACULDADE GRAU S ENSINO SUPERIOR,GRAU,1130117,Cariri/CE,"Avenida Deputado Leão Sampaio, Cariri/CE, 56 - Lagoa Seca",A,Juazeiro do Norte,CE
21928,FACULDADE GRAU S ENSINO SUPERIOR,GRAU,1166521,Sobral/CE,"Av. Monsenhor Aloísio Pinto, Sobral/CE, 695 - Dom Expedito",A,Sobral,CE
21928,FACULDADE GRAU S ENSINO SUPERIOR,GRAU,1130365,Gama/DF,"Área Especial, Gama/DF, S/N - Setor Leste (Gama)",A,Brasília,DF
21928,FACULDADE GRAU S ENSINO SUPERIOR,GRAU,1166792,Ceilândia/DF,"QNM 17 Conjunto A, Ceilândia/DF, Lt 21 - Ceilândia Sul (Ceilândia)",A,Brasília,DF
21928,FACULDADE GRAU S ENSINO SUPERIOR,GRAU,1130399,Brasília/DF,"Quadra CRS 502 Bloco A, Brasília/DF, 31 - Asa Sul",A,Brasília,DF
21928,FACULDADE GRAU S ENSINO SUPERIOR,GRAU,1129785,Taguatinga/DF,"Quadra QND 27, Taguatinga/DF, S/N - Taguatinga Norte (Taguatinga)",A,Brasília,DF
21928,FACULDADE GRAU S ENSINO SUPERIOR,GRAU,1130475,Cariacica/ES,"Rodovia BR-262, Cariacica/ES, 5 - Vila Capixaba",A,Cariacica,ES
21928,FACULDADE GRAU S ENSINO SUPERIOR,GRAU,1129951,Serra/ES,"Rua Gonçalves Dias, Serra/ES, 700 - Parque Residencial Laranjeiras",A,Serra,ES
21928,FACULDADE GRAU S ENSINO SUPERIOR,GRAU,1130116,Vila Velha/ES,"Avenida Jerônimo Monteiro, Vila Velha/ES, 720 - Glória",A,Vila Velha,ES
21928,FACULDADE GRAU S ENSINO SUPERIOR,GRAU,1166791,Aparecida/GO,"Rua J 2, Aparecida/GO,  - Mansões Paraíso",A,Aparecida de Goiânia,GO
21928,FACULDADE GRAU S ENSINO SUPERIOR,GRAU,1130266,Goiânia/GO,"Avenida Goiás, Goiânia/GO, 959 - Setor Central",A,Goiânia,GO
21928,FACULDADE GRAU S ENSINO SUPERIOR,GRAU,1166813,Caxias/MA,"Rua da Independência, Caxias/MA, 1227 - Centro",A,Caxias,MA
21982,Faculdade Integrada CETE,FIC,1079291,CAIS-Centro de Assistência Integral e Social,"Avenida Gonçalves Maia, - até 240/241, 159A - Heliópolis",-,Garanhuns,PE
21982,Faculdade Integrada CETE,FIC,1105913,Nova Sede,"Rodovia BR-423, Nova Sede, S/N - São José",-,Garanhuns,PE
18267,FACULDADE INTEGRADA DE GESTÃO E MEIO AMBIENTE,FACIGMA,1089750,SEDE,"Rua Aluízio de Azevedo, SEDE, 42 - Santo Amaro",-,Recife,PE
18267,FACULDADE INTEGRADA DE GESTÃO E MEIO AMBIENTE,FACIGMA,1061764,Campus Principal,"Rua do Hospício, - de 250/251 ao fim, 362 - Boa Vista",-,Recife,PE
19716,Faculdade Integral de Jaboatão dos Guararapes,FIJ,1070160,Campus Principal,"Rua Marechal Hermes da Fonseca, 20 - Piedade",-,Jaboatão dos Guararapes,PE
25157,Faculdade Luiz Mário Moutinho,FLMM,1109131,Campus Principal,"Avenida Governador Agamenon Magalhães, - de 3253 ao fim - lado ímpar, 4779 - Boa Vista",-,Recife,PE
19838,Faculdade Lusitana de Pernambuco,FALUP,1070350,Campus Principal,"Avenida Congresso Eucarístico Internacional, 01 - Santa Cruz",-,Carpina,PE
1749,FACULDADE LUSO,BRASILEIRA - FALUB,693892,CAMPUS  - CARPINA - SANTA CRUZ,"Avenida Congresso Eucarístico Internacional, - de 1/2 a 99998/99999, 01 - Santa Cruz",-,Carpina,PE
22073,FACULDADE MACÊDO DE AMORIM,FAMAM,1080139,Campus Principal,"Rua Conselheiro Severino Francisco Alves, ANEXO 75, ANEXO 153, ANEXO 169, ANEXO 174, ANEXO 2, 174 - Livramento",-,Vitória de Santo Antão,PE
1675,FACULDADE METROPOLITANA DA GRANDE RECIFE,UNESJ,100191,Faculdade Metropolitana da Grande Recife,"Avenida Barreto de Menezes, - até 99997/99998, 809 - Piedade",-,Jaboatão dos Guararapes,PE
1675,FACULDADE METROPOLITANA DA GRANDE RECIFE,UNESJ,1178664,Cajueiro Seco,"Avenida Barreto de Menezes, Cajueiro Seco, 601 - Cajueiro Seco",-,Jaboatão dos Guararapes,PE
23383,FACULDADE NACIONAL,FANAC,1092157,Campus Principal,"Rua Engenheiro Oscar Ferreira, 15 - Poço",-,Recife,PE
19197,FACULDADE NIP DE CIÊNCIAS APLICADAS,FANIP,1068240,Campus Principal,"Avenida Cruz Cabugá, 98 - Santo Amaro",-,Recife,PE
4700,FACULDADE NOVA ROMA,FNR,659904,Campus Bongi,"Estrada do Bongi, CAMPUS  - RECIFE - Madalena, 425 - Prado",-,Recife,PE
4700,FACULDADE NOVA ROMA,FNR,1112703,Campus Benfica,"Rua Benfica, Campus Zona Norte, 352 - Madalena",-,Recife,PE
4700,FACULDADE NOVA ROMA,FNR,1133708,Campus Boa Viagem,"Rua Padre Carapuceiro, Faculdade Nova Roma, 590 - Boa Viagem",-,Recife,PE
159,FACULDADE NOVA ROMA CARUARU,FNR CARUARU,1141256,Faculdade Nova Roma Caruaru,"Avenida Adjar da Silva Casé, Faculdade Nova Roma Caruaru, 800 - Indianópolis",-,Caruaru,PE
159,FACULDADE NOVA ROMA CARUARU,FNR CARUARU,106699,POLO NA SEDE,"Rua Azevedo Coutinho, Térreo, s/n - Petrópolis",-,Caruaru,PE
20975,FACULDADE NOVO HORIZONTE,FNH,1073743,FNH - NOVO PREDIO UNIDADE AGRUPADORA DO PREDIO PRINCIPAL,"Rua Eurico Valois, 61 A - Centro",-,Vitória de Santo Antão,PE
1383,FACULDADE NOVO HORIZONTE DE IPOJUCA,FNH,658440,Faculdade Novo Horizonte Ipojuca (Antiga FAJOLCA),"Avenida Francisco Alves de Souza, 500 - Centro",-,Ipojuca,PE
24457,Faculdade Paraíso Araripina,FAP,1104044,Campus Principal,"Avenida Suetone Nunes de Alencar Barros, Lot. R. Felix III, L. 01 Q. 18, 101 - Centro",-,Araripina,PE
3615,FACULDADE PERNAMBUCANA DE SAÚDE,FPS,659566,CAMPUS  - RECIFE - IMBIRIBEIRA,"Avenida Jean Emile Favre, 422 - Imbiribeira",-,Recife,PE
3615,FACULDADE PERNAMBUCANA DE SAÚDE,FPS,1082268,Faculdade Pernambucana de Saúde,"Avenida Marechal Mascarenhas de Morais, - até 1681 - lado ímpar, 4861 - Imbiribeira",A,Recife,PE
3615,FACULDADE PERNAMBUCANA DE SAÚDE,FPS,1107269,Unidade Multidisciplinar,"Avenida Marechal Mascarenhas de Morais, - até 1681 - lado ímpar, 4831 - Imbiribeira",-,Recife,PE
24909,Faculdade Pitágoras Unidade Caruaru,Unificação de Mantidas: Processo nÂº 202332517,1108601,Campus Principal,"Avenida Cleto Campelo, - lado par, 36 - Maurício de Nassau",-,Caruaru,PE
17985,FACULDADE PRESBITERIANA QUINZE DE NOVEMBRO,"Em supervisão - Procedimento Sancionador sem Medida Cautelar: Portaria nº 319/2025, Processo de Supervisão nº 23000.026636/2024-62.",1061253,Campus Principal,"Praça Souto Filho, 696 - Heliópolis",-,Garanhuns,PE
18471,Faculdades Aggeu Magalhães,FAMA,1065371,Faculdade de Ciências Médicas Aggeu Magalhães,"Avenida Afonso Magalhães, 354 - São Cristóvão",-,Serra Talhada,PE
18471,Faculdades Aggeu Magalhães,FAMA,1126780,Faculdades Aggeu Magalhães - FAMA,"Rua Antônio Alves de Oliveira, Faculdade de Ciências Médicas Aggeu Magalhães - FAMA, 1687 - AABB",-,Serra Talhada,PE
3585,FACULDADE SANTA CRUZ,FACRUZ,1072335,ANEXO I,"Rua Professora Ivani Batista da Silva, ANEXO I, 356 - Nova Santa Cruz",-,Santa Cruz do Capibaribe,PE
3585,FACULDADE SANTA CRUZ,FACRUZ,659551,UNIDADE  - SANTA CRUZ DO CAPIBARIBE - Nova Santa Cruz,"Rua Rua Júlia Aragão, 307 - Bairro Novo",-,Santa Cruz do Capibaribe,PE
1384,FACULDADE SANTA HELENA,FSH,1072195,Caxanga,"Avenida Caxangá, - de 892 a 2200 - lado par, 990 - Madalena",-,Recife,PE
1384,FACULDADE SANTA HELENA,FSH,689218,Faculdade Santa Helena,"Rua Demócrito de Souza Filho, 452 - Madalena",-,Recife,PE
19607,FACULDADE SANTISSIMA TRINDADE,FAST,1069964,Campus Principal,"RUA PROFESSOR AMÉRICO BRANDÃO, SEDE DA IES, 46 - CENTRO",-,Nazaré da Mata,PE
3996,FACULDADE SENAC PERNAMBUCO,SENACPE,1091354,UNIDADE VINCULADA DE CARUARU,"Avenida Maria José Lyra, 140 - Indianópolis",-,Caruaru,PE
3996,FACULDADE SENAC PERNAMBUCO,SENACPE,1101672,Unidade Vinculada Petrolina,"Rua Projetada, 650 - Maria Auxiliadora",-,Petrolina,PE
3996,FACULDADE SENAC PERNAMBUCO,SENACPE,659704,CAMPUS  - RECIFE - BOA VISTA,"Avenida Visconde de Suassuna, 500 - Boa Vista",-,Recife,PE
3996,FACULDADE SENAC PERNAMBUCO,SENACPE,1104443,FACULDADE SENAC PERNAMBUCO,"Rua Marquês do Pombal, FACULDADE SENAC PERNAMBUCO, 57 - Santo Amaro",-,Recife,PE
701,FACULDADES INTEGRADAS DE GARANHUNS,FACIGA,687768,Unidade SEDE,"AVENIDA CARUARU, 508 - SÃO JOSÉ",-,Garanhuns,PE
,,,1071117,Campus Principal,"Rua Padre Inglês, 243 - Boa Vista",-,Recife,PE
19565,Faculdade Tecnológica de Pernambuco,FATEPE,1069775,Campus Principal - Endereço SEDE,"Avenida Doutor José Augusto Moreira, sl 05, 990 - Casa Caiada",-,Olinda,PE
24459,Faculdade Tiradentes de Goiana,FITS,1104375,Campus Principal,"Rua 07, Quadra 12, Margens da PE-75, Km 02, 03 e 04, Lotes 03 e 04 - Loteamento Novo Horizonteo",-,Goiana,PE
1136,FACULDADE UNIFACIG,FACIG,688363,CAMPUS  - IGARASSU - CENTRO,"RODOVIA BR 101-NORTE, KM 25, S/N - Centro",-,Igarassu,PE
,,,1061663,Cabo,"Avenida Historiador Pereira da Costa, 473 - Centro",-,Cabo de Santo Agostinho,PE
,,,1077957,Sede,"Rodovia PE-37, LT 1BC1 QD C, 85 - Pirapama",-,Cabo de Santo Agostinho,PE
,,,1159635,SEDE,"Shopping Center Costa Dourada, SEDE, 3200 - Cidade Garapu",-,Cabo de Santo Agostinho,PE
24382,FACULDADE UNINASSAU CARPINA,NASSAU CARPINA,1102740,Campus Principal,"Rodovia PE-41, KM 02, s/n - Bairro Novo",-,Carpina,PE
18653,Faculdade Uninassau Garanhuns,Nassau Garanhuns,1065692,Campus Principal,"Praça da Bandeira, 53 - São José",-,Garanhuns,PE
18653,Faculdade Uninassau Garanhuns,Nassau Garanhuns,1082109,Sede,"Rua Ernesto Dourado, 362 - Heliópolis",-,Garanhuns,PE
18075,FACULDADE UNINASSAU JABOATÃO DOS GUARARAPES,UNINASSAU,1061660,Campus Principal,"Avenida Governador Agamenon Magalhães, (Cj.Res.Curado I ) - até 1095/1096, 200 - Cavaleiro",-,Jaboatão dos Guararapes,PE
18075,FACULDADE UNINASSAU JABOATÃO DOS GUARARAPES,UNINASSAU,1061382,Unidade,"Rua 101, 15 - Guararapes",-,Jaboatão dos Guararapes,PE
18075,FACULDADE UNINASSAU JABOATÃO DOS GUARARAPES,UNINASSAU,1076280,Sede,"Rua José Brás Moscow, - até 348/349, 252 - Piedade",-,Jaboatão dos Guararapes,PE
4742,Faculdade Uninassau Olinda,Nassau Olinda -,1050271,Sede,"Av. Marcos Freire, 3707 - Casa Caiada",-,Olinda,PE
4742,Faculdade Uninassau Olinda,Nassau Olinda -,1095440,Sede Shopping Patteo,"Rua Eduardo de Moraes, Sede Shopping Patteo, s/n - Casa Caiada",-,Olinda,PE
4742,Faculdade Uninassau Olinda,Nassau Olinda -,659916,CAMPUS  - OLINDA - JARDIM ATLÂNTICO,"Rua Marfim, 375 - Jardim Atlântico",-,Olinda,PE
,,,1135966,Sede,"Avenida Cardoso de Sá, Sede, 950 - Vila Eduardo",-,Petrolina,PE
,,,1061303,Campus Principal,"Avenida Coronel Clementino Coelho, 714 - Atrás da Banca",-,Petrolina,PE
,,,1130539,Shopping,"Av Avenida Adriano Duque de Godoy Souza, Shopping, 1 - Nossa Senhora da Penha",-,Serra Talhada,PE
,,,1113902,Serra,"Avenida Afonso Magalhães, - até 446/447, S/N - São Cristóvão",-,Serra Talhada,PE
,,,1081381,Campus Principal,"Rua Tabelião Tiburtino Nogueira, - de 1022/1023 ao fim, 1187 - Nossa Senhora da Penha",-,Serra Talhada,PE
22075,FACULDADE VALE DO PAJEU,FVP,1080266,Campus Principal,"AROEIRA, S/N - JARDIM BOA VISTA",-,São José do Egito,PE
26629,FACULDADE VALE DO PAJEU JOÃO ALFREDO,FVP,1129514,Campus Principal,"Rua Carlos Fernandes de Oliveira, S/N - SÃO JOSÉ",-,João Alfredo,PE
405,FOCCA,FACULDADE DE OLINDA - FOCCA,1070274,BULTRINS,"AVENIDA CHICO SCIENCE, BULTRINS, 200 - BULTRINS",-,Olinda,PE
405,FOCCA,FACULDADE DE OLINDA - FOCCA,657878,SEDE - OLINDA - CARMO,"Rua do Bonfim, SEDE - OLINDA - CARMO, 37 - Carmo",A,Olinda,PE
405,FOCCA,FACULDADE DE OLINDA - FOCCA,1068829,Polo RECIFE/PE 1,"Rua Dom Bosco, 1308 - Boa Vista",A,Recife,PE
3984,FUNDAÇÃO UNIVERSIDADE FEDERAL DO VALE DO SÃO FRANCISCO,UNIVASF,1091985,POLO DE APOIO PRESENCIAL UAB DE BOM JESUS DA LAPA - BA,"Rua Dr. Josefino Moreira Castro, S/N - Amaralina",A,Bom Jesus da Lapa,BA
3984,FUNDAÇÃO UNIVERSIDADE FEDERAL DO VALE DO SÃO FRANCISCO,UNIVASF,1091465,POLO DE APOIO PRESENCIAL UAB DE CAMPO ALEGRE DE LOURDES - BA,"Rua Castro Alves, S/N - Centro",A,Campo Alegre de Lourdes,BA
3984,FUNDAÇÃO UNIVERSIDADE FEDERAL DO VALE DO SÃO FRANCISCO,UNIVASF,1081235,Polo UAB - Campo Formoso,"Rua Arsenio Alves, s/n - Centro",A,Campo Formoso,BA
3984,FUNDAÇÃO UNIVERSIDADE FEDERAL DO VALE DO SÃO FRANCISCO,UNIVASF,1076254,"POLO DE APOIO PRESENCIAL EAD, CAPIM GROSSO - BA","Rua Jacobina, S/N - Jardim Araújo",A,Capim Grosso,BA
3984,FUNDAÇÃO UNIVERSIDADE FEDERAL DO VALE DO SÃO FRANCISCO,UNIVASF,1046825,POLO UAB UNIVASF - IRECÊ/BA,"RUA CORONEL TERÊNCIO DOURADO, S/N - CENTRO",A,Irecê,BA
3984,FUNDAÇÃO UNIVERSIDADE FEDERAL DO VALE DO SÃO FRANCISCO,UNIVASF,1070276,"POLO DE APOIO PRESENCIAL EAD, ITABERABA - BA","Av. Rio Branco, 367 - Centro",A,Itaberaba,BA
3984,FUNDAÇÃO UNIVERSIDADE FEDERAL DO VALE DO SÃO FRANCISCO,UNIVASF,1081888,Polo UAB - Jaguarari,"Rua do Facheiro, 578 - Centro - Pilar",A,Jaguarari,BA
3984,FUNDAÇÃO UNIVERSIDADE FEDERAL DO VALE DO SÃO FRANCISCO,UNIVASF,1046636,CAMPUS JUAZEIRO,"AV. ANTÔNIO CARLOS MAGALHÃES, CAMPUS UNIVERSITÁRIO, 510 - SANTO ANTÔNIO",-,Juazeiro,BA
3984,FUNDAÇÃO UNIVERSIDADE FEDERAL DO VALE DO SÃO FRANCISCO,UNIVASF,1139243,ESPAÇO PLURAL,"Rod Rodovia BA-210, s/n, ESPAÇO PLURAL,  - Nova Juazeiro",-,Juazeiro,BA
3984,FUNDAÇÃO UNIVERSIDADE FEDERAL DO VALE DO SÃO FRANCISCO,UNIVASF,1076255,"POLO DE APOIO PRESENCIAL EAD, JUAZEIRO - BA","Rua Agostinho Muniz, 1010A - São Geraldo",A,Juazeiro,BA
3984,FUNDAÇÃO UNIVERSIDADE FEDERAL DO VALE DO SÃO FRANCISCO,UNIVASF,1070277,"POLO DE APOIO PRESENCIAL EAD, PAULO AFONSO - BA","Av. Antonio Carlos Magalhães, 11 - Panorama",A,Paulo Afonso,BA
3984,FUNDAÇÃO UNIVERSIDADE FEDERAL DO VALE DO SÃO FRANCISCO,UNIVASF,1168750,CAMPUS PAULO AFONSO (DEFINITIVO),"Avenida da Amizade, CAMPUS PAULO AFONSO (DEFINITIVO), 190 - Sal Torrado",-,Paulo Afonso,BA
3984,FUNDAÇÃO UNIVERSIDADE FEDERAL DO VALE DO SÃO FRANCISCO,UNIVASF,1060670,CAMPUS PAULO AFONSO,"Rua da Aurora, Quadra 27, lote 3, s/n - Alves de Souza",-,Paulo Afonso,BA
3984,FUNDAÇÃO UNIVERSIDADE FEDERAL DO VALE DO SÃO FRANCISCO,UNIVASF,1091986,POLO DE APOIO PRESENCIAL UAB DE PINTADAS - BA,"Dom Mathias Schimt, S/N - CENTRO",A,Pintadas,BA
3984,FUNDAÇÃO UNIVERSIDADE FEDERAL DO VALE DO SÃO FRANCISCO,UNIVASF,1091934,POLO DE APOIO PRESENCIAL UAB DE PIRITIBA - BA,"Praça Prof. Luiz Rogério, S/N - CENTRO",A,Piritiba,BA
3984,FUNDAÇÃO UNIVERSIDADE FEDERAL DO VALE DO SÃO FRANCISCO,UNIVASF,1091935,POLO DE APOIO PRESENCIAL UAB DE REMANSO - BA,"Rua Dr. Seabra, QUADRA 08, 52 - CENTRO",A,Remanso,BA
3984,FUNDAÇÃO UNIVERSIDADE FEDERAL DO VALE DO SÃO FRANCISCO,UNIVASF,1046634,CAMPUS SENHOR DO BONFIM,"RUA TOMAZ GUIMARÃES, CAMPUS UNIVERSITÁRIO, S/N - SANTOS DUMONT",-,Senhor do Bonfim,BA
3984,FUNDAÇÃO UNIVERSIDADE FEDERAL DO VALE DO SÃO FRANCISCO,UNIVASF,1091454,POLO DE APOIO PRESENCIAL UAB DE AFRÂNIO - PE,"Avenida Dom Malan, (em frente ao Posto Reis), S/N - Centro",A,Afrânio,PE
3984,FUNDAÇÃO UNIVERSIDADE FEDERAL DO VALE DO SÃO FRANCISCO,UNIVASF,1091463,POLO DE APOIO PRESENCIAL UAB DE CABROBÓ - PE,"Rua Dona Brígida de Alencar, S/N - Centro",A,Cabrobó,PE
3984,FUNDAÇÃO UNIVERSIDADE FEDERAL DO VALE DO SÃO FRANCISCO,UNIVASF,1066214,"POLO DE APOIO PRESENCIAL EAD, OURICURI - PE","Estrada Vicinal, Açude do Tamboril, s/n - Zona Urbana",A,Ouricuri,PE
3984,FUNDAÇÃO UNIVERSIDADE FEDERAL DO VALE DO SÃO FRANCISCO,UNIVASF,600268,CAMPUS PETROLINA,"Avenida José de Sá Maniçoba, Campus Universitário, s/n - Centro",A,Petrolina,PE
3984,FUNDAÇÃO UNIVERSIDADE FEDERAL DO VALE DO SÃO FRANCISCO,UNIVASF,1068470,"POLO DE APOIO PRESENCIAL EAD, PETROLINA - PE","Monsenhor Ângelo Sampaio, GRE - gerência regional de educação, S/N - Vila Eduarda",A,Petrolina,PE
3984,FUNDAÇÃO UNIVERSIDADE FEDERAL DO VALE DO SÃO FRANCISCO,UNIVASF,1040189,CAMPUS CIÊNCIAS AGRÁRIAS,"RODOVIA BR 407, KM 12, PROJETO DE IRRIGAÇÃO SENADOR NILO COELHO, 543 - C1",-,Petrolina,PE
3984,FUNDAÇÃO UNIVERSIDADE FEDERAL DO VALE DO SÃO FRANCISCO,UNIVASF,1156513,Campus Salgueiro,"Av. Antônio Angelin, Campus Salgueiro, 570 - Santo Antônio",-,Salgueiro,PE
3984,FUNDAÇÃO UNIVERSIDADE FEDERAL DO VALE DO SÃO FRANCISCO,UNIVASF,1096915,Campus Salgueiro,"Rua Antonio Filgueira Sampaio, 134 - Nossa Senhora das Graças",-,Salgueiro,PE
3984,FUNDAÇÃO UNIVERSIDADE FEDERAL DO VALE DO SÃO FRANCISCO,UNIVASF,1068469,"POLO DE APOIO PRESENCIAL EAD, SALGUEIRO - PE","Travessa Lourival Sampaio, 395 - Nossa Senhora das Graças",A,Salgueiro,PE
3984,FUNDAÇÃO UNIVERSIDADE FEDERAL DO VALE DO SÃO FRANCISCO,UNIVASF,1068468,"POLO DE APOIO PRESENCIAL EAD, TRINDADE - PE","Rua 29 de Janeiro, Ao lado da Escola Paulo Guerra, 95 - Centro",A,Trindade,PE
3984,FUNDAÇÃO UNIVERSIDADE FEDERAL DO VALE DO SÃO FRANCISCO,UNIVASF,1070279,"POLO DE APOIO PRESENCIAL EAD, SÃO JOÃO DO PIAUÍ - PI","Praça Manoel Antônio de Sousa, S/N - Centro",A,São João do Piauí,PI
3984,FUNDAÇÃO UNIVERSIDADE FEDERAL DO VALE DO SÃO FRANCISCO,UNIVASF,1046637,CAMPUS SERRA DA CAPIVARA,"RUA JOÃO FERREIRA DOS SANTOS, CAMPUS UNIVERSITÁRIO, S/N - CAMPESTRE",-,São Raimundo Nonato,PI
21788,Instituto de Desenvolvimento Educacional,IDE,1077933,Campus Principal,"Rua Manuel de Brito, 311 - Pina",A,Recife,PE
2566,INSTITUTO DE ENSINO SUPERIOR DE OLINDA,IESO,2571,Campus São Bento,"AV.SIGISMUNDO GONÇALVES,, 375 - CARMO",-,Olinda,PE
1809,"INSTITUTO FEDERAL DE EDUCAÇÃO, CIÊNCIA E TECNOLOGIA DE PERNAMBUCO",IFPE,27019,PÓLO UAB - SANTANA DO IPANEMA,"PRAÇA DR ADELSON ISAAC DE MIRANDA, 242 - MONUMENTO",A,Santana do Ipanema,AL
1809,"INSTITUTO FEDERAL DE EDUCAÇÃO, CIÊNCIA E TECNOLOGIA DE PERNAMBUCO",IFPE,1023294,Polo UAB - DIAS D'AVILA,"RUA CAJAHIBA, 221 - Nova Dias D'ávila",A,Dias d´Ávila,BA
1809,"INSTITUTO FEDERAL DE EDUCAÇÃO, CIÊNCIA E TECNOLOGIA DE PERNAMBUCO",IFPE,2006536,Polo UAB - ITABAIANA,"RUA DO JUCURI, CAIC, S/N - JUCURI",A,Itabaiana,PB
1809,"INSTITUTO FEDERAL DE EDUCAÇÃO, CIÊNCIA E TECNOLOGIA DE PERNAMBUCO",IFPE,1109356,CAMPUS ABREU E LIMA,"Rua Jaguaribe (Rua projetada 01), QUADRA ÚNICA, s/n - centro",-,Abreu e Lima,PE
1809,"INSTITUTO FEDERAL DE EDUCAÇÃO, CIÊNCIA E TECNOLOGIA DE PERNAMBUCO",IFPE,1100849,Campus Afogados da Ingazeira,"Rua Edson Barbosa de Araújo, S/N - Manoela Valadares",-,Afogados da Ingazeira,PE
1809,"INSTITUTO FEDERAL DE EDUCAÇÃO, CIÊNCIA E TECNOLOGIA DE PERNAMBUCO",IFPE,1050514,Pólo de Apoio Presencial de Águas Belas,"2ª  Travessa Coronel Alfredo Duarte, 21 - Centro",A,Águas Belas,PE
1809,"INSTITUTO FEDERAL DE EDUCAÇÃO, CIÊNCIA E TECNOLOGIA DE PERNAMBUCO",IFPE,150455,Campus Barreiros,"Fazenda Sapé, s/n,  - Zona Rural",-,Barreiros,PE
1809,"INSTITUTO FEDERAL DE EDUCAÇÃO, CIÊNCIA E TECNOLOGIA DE PERNAMBUCO",IFPE,1054900,Campus Belo Jardim,"Av. Sebastião Rodrigues da Costa, s/n - São Pedro",-,Belo Jardim,PE
1809,"INSTITUTO FEDERAL DE EDUCAÇÃO, CIÊNCIA E TECNOLOGIA DE PERNAMBUCO",IFPE,1127412,Campus Cabo de Santo Agostinho,"Rodovia BR-101 Sul, Campus Cabo de Santo Agostinho, sn - Vila Teatrólogo Barreto Júnior",-,Cabo de Santo Agostinho,PE
1809,"INSTITUTO FEDERAL DE EDUCAÇÃO, CIÊNCIA E TECNOLOGIA DE PERNAMBUCO",IFPE,1102678,Campus Cabo de Santo Agostinho,"Rodovia PE-033, km 2,5, sn - Merces",-,Cabo de Santo Agostinho,PE
1809,"INSTITUTO FEDERAL DE EDUCAÇÃO, CIÊNCIA E TECNOLOGIA DE PERNAMBUCO",IFPE,1050512,Polo de Apoio Presencial de Carpina,"Av. Agamenon Magalhães, S/Nº, S/N - São José",A,Carpina,PE
1809,"INSTITUTO FEDERAL DE EDUCAÇÃO, CIÊNCIA E TECNOLOGIA DE PERNAMBUCO",IFPE,1056271,Campus Caruaru- IFPE,"Estrada Alto do Moura, KM 3,8, Distrito industrial III, s/n - Alto do Moura",-,Caruaru,PE
1809,"INSTITUTO FEDERAL DE EDUCAÇÃO, CIÊNCIA E TECNOLOGIA DE PERNAMBUCO",IFPE,1058387,Pólo Garanhuns,"Avenida Dantas Barreto, 44 - Santo Antonio",A,Garanhuns,PE
1809,"INSTITUTO FEDERAL DE EDUCAÇÃO, CIÊNCIA E TECNOLOGIA DE PERNAMBUCO",IFPE,1078153,IFPE- CAMPUS GARANHUNS,"Rua Padre Agobar Valença, sn - Severiano Moraes Filho",-,Garanhuns,PE
1809,"INSTITUTO FEDERAL DE EDUCAÇÃO, CIÊNCIA E TECNOLOGIA DE PERNAMBUCO",IFPE,1050517,"Polo de Apoio Presencial de Gravatá,","Rua Quintino Bocaiuva, S/Nº, S/N - Centro",A,Gravatá,PE
1809,"INSTITUTO FEDERAL DE EDUCAÇÃO, CIÊNCIA E TECNOLOGIA DE PERNAMBUCO",IFPE,1127505,Campus Igarassu,"BR101 Norte, Km 29, Campus Igarassu, sn - Eng. ubu",-,Igarassu,PE
1809,"INSTITUTO FEDERAL DE EDUCAÇÃO, CIÊNCIA E TECNOLOGIA DE PERNAMBUCO",IFPE,150454,Campus de Ipojuca,"Rodovia PE -60, Km 14, s/n,  - Califórnia",-,Ipojuca,PE
1809,"INSTITUTO FEDERAL DE EDUCAÇÃO, CIÊNCIA E TECNOLOGIA DE PERNAMBUCO",IFPE,26676,Polo UAB - IPOJUCA,"RUA DO COLÉGIO, S/Nº - CENTRO",A,Ipojuca,PE
1809,"INSTITUTO FEDERAL DE EDUCAÇÃO, CIÊNCIA E TECNOLOGIA DE PERNAMBUCO",IFPE,1114842,Jaboatão dos Guararapes,"Avenida Barão de Lucena, 251 - Centro",-,Jaboatão dos Guararapes,PE
1809,"INSTITUTO FEDERAL DE EDUCAÇÃO, CIÊNCIA E TECNOLOGIA DE PERNAMBUCO",IFPE,1127324,Campus Jaboatão dos Guararapes,"Estrada de Bulhões, Campus Jaboatão dos Guararapes, sn - Bulhões",-,Jaboatão dos Guararapes,PE
1809,"INSTITUTO FEDERAL DE EDUCAÇÃO, CIÊNCIA E TECNOLOGIA DE PERNAMBUCO",IFPE,1050541,Polo de Limoeiro,"Rodovia PE 50 - Km 39, 1201 - Limoeiro",A,Limoeiro,PE
1809,"INSTITUTO FEDERAL DE EDUCAÇÃO, CIÊNCIA E TECNOLOGIA DE PERNAMBUCO",IFPE,1141187,Polo de Apoio Presencial de Limoeiro,"Rua Sao Vicente Ferrer, 97 - Jua",A,Limoeiro,PE
1809,"INSTITUTO FEDERAL DE EDUCAÇÃO, CIÊNCIA E TECNOLOGIA DE PERNAMBUCO",IFPE,1156467,Campus Olinda,"Avenida Fagundes Varela, 375 - Jardim Atlântico",-,Olinda,PE
1809,"INSTITUTO FEDERAL DE EDUCAÇÃO, CIÊNCIA E TECNOLOGIA DE PERNAMBUCO",IFPE,151912,Polo UAB de Palmares,"Av. Clementino Melo,  S/N°,  - Indeterminado",A,Palmares,PE
1809,"INSTITUTO FEDERAL DE EDUCAÇÃO, CIÊNCIA E TECNOLOGIA DE PERNAMBUCO",IFPE,1151704,IFPE Campus Palmares,"Avenida José Pretestato de Santana, Quadra Q, 51, lote 240, próximo ao Hospital Regional, s/n - Quilombo I",-,Palmares,PE
1809,"INSTITUTO FEDERAL DE EDUCAÇÃO, CIÊNCIA E TECNOLOGIA DE PERNAMBUCO",IFPE,1102499,Campus Paulista,"Avenida Rodolfo Aureliano, 2182 - Vila Torres Galvão",-,Paulista,PE
1809,"INSTITUTO FEDERAL DE EDUCAÇÃO, CIÊNCIA E TECNOLOGIA DE PERNAMBUCO",IFPE,1123521,CAMPUS PAULISTA,"Av. Prefeito Geraldo Pinho Alves, CAMPUS PAULISTA, 1400 - Maranguape I",-,Paulista,PE
1809,"INSTITUTO FEDERAL DE EDUCAÇÃO, CIÊNCIA E TECNOLOGIA DE PERNAMBUCO",IFPE,1023405,Polo UAB - PESQUEIRA,"Av Ésio Araújo, 17 - Centro",A,Pesqueira,PE
1809,"INSTITUTO FEDERAL DE EDUCAÇÃO, CIÊNCIA E TECNOLOGIA DE PERNAMBUCO",IFPE,5596,IFPE  - CAMPUS DE PESQUEIRA,"Loteamento Portal de Pesqueira, BR 232,, Km 208 - Prado",-,Pesqueira,PE
1809,"INSTITUTO FEDERAL DE EDUCAÇÃO, CIÊNCIA E TECNOLOGIA DE PERNAMBUCO",IFPE,1000181,Campus Recife,"Avenida Professor Luiz Freire, 500 - Curado",A,Recife,PE
3161,"Instituto Federal de Educação, Ciência e Tecnologia do Sertão Pernambucano",IF SERTÃO-PE,146366,Campus Floresta,"Rua Projetada, s/nº, S/N - Caetano II",-,Floresta,PE
3161,"Instituto Federal de Educação, Ciência e Tecnologia do Sertão Pernambucano",IF SERTÃO-PE,150356,Campus Ouricuri,"Rua Projetada, Estrada do Tamboril, S/N - Centro",-,Ouricuri,PE
3161,"Instituto Federal de Educação, Ciência e Tecnologia do Sertão Pernambucano",IF SERTÃO-PE,106186,Campus Petrolina - Zona Rural,"BR 235, km 22, PSNC N4, S/N - Zona Rural",-,Petrolina,PE
3161,"Instituto Federal de Educação, Ciência e Tecnologia do Sertão Pernambucano",IF SERTÃO-PE,696291,Campus Petrolina - Jardim São Paulo,"BR 407, KM 8, s/n - Jardim São Paulo",-,Petrolina,PE
3161,"Instituto Federal de Educação, Ciência e Tecnologia do Sertão Pernambucano",IF SERTÃO-PE,1050461,Reitoria,"Rua Aristarco Lopes, 240 - Centro",A,Petrolina,PE
3161,"Instituto Federal de Educação, Ciência e Tecnologia do Sertão Pernambucano",IF SERTÃO-PE,150357,Campus Salgueiro,"BR 232, KM 508 (Sentido Recife), S/N - Zona Rural",-,Salgueiro,PE
3161,"Instituto Federal de Educação, Ciência e Tecnologia do Sertão Pernambucano",IF SERTÃO-PE,1096786,Santa Maria da Boa Vista,"BR 428, Km 90, Zona Rural, s/n - zona rural",-,Santa Maria da Boa Vista,PE
3161,"Instituto Federal de Educação, Ciência e Tecnologia do Sertão Pernambucano",IF SERTÃO-PE,1081859,Campus Serra Talhada,"Rodovia Estadual PE 320, Fazenda Estreito, Km 04, S/N - Zona Rural",-,Serra Talhada,PE
4398,INSTITUTO SUPERIOR DE EDUCAÇÃO DE GOIANA,I.S.E.G.,659834,CAMPUS  - GOIANA - CENTRO,"Rua Poco Rei, S/N - CENTRO",-,Goiana,PE
5054,INSTITUTO SUPERIOR DE EDUCAÇÃO DO SERTÃO DO PAJEÚ,ISESP,660007,CAMPUS - AFOGADOS DA INGAZEIRA - CENTRO,"Rua Doutor Osvaldo Gouveia, Prédio, s/n - Centro",-,Afogados da Ingazeira,PE
3584,INSTITUTO SUPERIOR DE EDUCAÇÃO SANTA CRUZ,ISED,1005561,Unidade SEDE,"Rua Rua Júlia Aragão, 307 - Bairro Novo",-,Santa Cruz do Capibaribe,PE
18896,Soberana Faculdade de Saúde de Petrolina,SOBERANA,1067795,Campus Principal,"Avenida Coronel Antônio Honorato Viana, s/n - Gercino Coelho",A,Petrolina,PE
18896,Soberana Faculdade de Saúde de Petrolina,SOBERANA,1102665,Soberana,"Rua Francisco Correia, 209 - Jardim Maravilha",-,Petrolina,PE
11,UNIVERSIDADE CATÓLICA DE PERNAMBUCO,UNICAP,1122144,Polo Aracoiaba - CE,"Rua do Comércio, Polo Aracoiaba/CE, s/n - Centro",A,Aracoiaba,CE
11,UNIVERSIDADE CATÓLICA DE PERNAMBUCO,UNICAP,1115356,Polo João Pessoa - PB,"Rua Maestro Osvaldo Evaristo Costa, Instituto Humanitas Paraíba, 415 - Estados",A,João Pessoa,PB
11,UNIVERSIDADE CATÓLICA DE PERNAMBUCO,UNICAP,657677,POLO NA SEDE,"Rua do Príncipe, Campus Universitário-UNICAP, 526 - Boa Vista",A,Recife,PE
409,UNIVERSIDADE DE PERNAMBUCO,UPE,1059382,POLO UAB AFRÂNIO,"Av.Dom Malan, ao lado da BR 407., Nº: s/n - CENTRO",A,Afrânio,PE
409,UNIVERSIDADE DE PERNAMBUCO,UPE,1078054,Pólo UAB Águas Belas,"Terceira Travessa da Avenida Coronel Alfredo Duarte, 703 - Centro",A,Águas Belas,PE
409,UNIVERSIDADE DE PERNAMBUCO,UPE,1058642,CAMPUS ARCOVERDE,"Avenida Gumercindo Cavalcante, 420 - São Cristóvão",-,Arcoverde,PE
409,UNIVERSIDADE DE PERNAMBUCO,UPE,1141664,Campus Arcoverde Universidade de Pernambuco,"Rua Cicero Monteiro de Melo, Campus Arcoverde Universidade de Pernambuco, s/n - São Cristóvão",-,Arcoverde,PE
409,UNIVERSIDADE DE PERNAMBUCO,UPE,1059383,POLO UAB CABROBO,"Av. Dona Brígida de Alencar, S/N - CENTRO",A,Cabrobó,PE
409,UNIVERSIDADE DE PERNAMBUCO,UPE,1073276,Camaragibe,"Avenida General Newton Cavalcante, - lado par, 1650 - Nazaré",-,Camaragibe,PE
409,UNIVERSIDADE DE PERNAMBUCO,UPE,701294,Campus Caruaru,"BR 104, KM 62, s/n - Nova Caruaru",-,Caruaru,PE
409,UNIVERSIDADE DE PERNAMBUCO,UPE,2006485,Polo UAB - FLORESTA,"Av. Deputado Aldomar Ferraz, 65 - Centro",A,Floresta,PE
409,UNIVERSIDADE DE PERNAMBUCO,UPE,695322,Campus Garanhuns,"Rua Cap. Pedro Rodrigues, 105 - São José",A,Garanhuns,PE
409,UNIVERSIDADE DE PERNAMBUCO,UPE,1057156,Pólo Uab Garanhuns,"Rua Dantas Barreto, 44 - Santo Antonio",A,Garanhuns,PE
409,UNIVERSIDADE DE PERNAMBUCO,UPE,1059381,POLO UAB GRAVATÁ,"RUA QUINTINO BOCAIÚVA, S/Nº - CENTRO",A,Gravatá,PE
409,UNIVERSIDADE DE PERNAMBUCO,UPE,632,Campus Mata Norte,"Rua Amaro Maltez, 201 - Centro",-,Nazaré da Mata,PE
409,UNIVERSIDADE DE PERNAMBUCO,UPE,1142481,Campus Ouricuri,"Estrada Vicinal do Açude Tamboril, s/n - Bairro Universitário",-,Ouricuri,PE
409,UNIVERSIDADE DE PERNAMBUCO,UPE,1059379,POLO UAB OURICURI,"ESTRADA VICINAL DO AÇUDE TAMBORIL, s/n - ZONA URBANA",A,Ouricuri,PE
409,UNIVERSIDADE DE PERNAMBUCO,UPE,1073253,POLO UAB PALMARES,"AVENIDA JOSÉ AMÉRICO DE MIRANDA, S/N - Centro",A,Palmares,PE
409,UNIVERSIDADE DE PERNAMBUCO,UPE,1066451,CAMPUS MATA SUL,"Rua Dr. Homero de França Lima, S/N - Santa Rosa",-,Palmares,PE
409,UNIVERSIDADE DE PERNAMBUCO,UPE,633,CAMPUS  PETROLINA,"BR 203 km2, FAP - Faculdade de Administração de Petrolina, S/M - Vila Eduardo",-,Petrolina,PE
409,UNIVERSIDADE DE PERNAMBUCO,UPE,1041364,Unidade SEDE,"Avenida Agamenon Magalhães, S/N - Santo Amaro",A,Recife,PE
409,UNIVERSIDADE DE PERNAMBUCO,UPE,1050127,POLO NA SEDE,"Avenida Agamenon Magalhães, S/N - Santo Amaro",-,Recife,PE
409,UNIVERSIDADE DE PERNAMBUCO,UPE,23916,FCAP,"Av. Sport Club do Recife, 252 - Madalena",-,Recife,PE
409,UNIVERSIDADE DE PERNAMBUCO,UPE,691686,ESCOLA POLITÉCNICA,"PRAÇA DO INTERNACIONAL, 455 - MADALENA",-,Recife,PE
409,UNIVERSIDADE DE PERNAMBUCO,UPE,2036,CAMPUS SANTO AMARO,"RUA ARNOBIO MARQUES, 310 - SANTO AMARO",-,Recife,PE
409,UNIVERSIDADE DE PERNAMBUCO,UPE,1141650,Escola Superior de Educação Física (ESEF),"Rua Arnóbio Marques, Escola Superior de Educação Física (ESEF), 310 - Santo Amaro",-,Recife,PE
409,UNIVERSIDADE DE PERNAMBUCO,UPE,1058614,CAMPUS SALGUEIRO,"AV. VEREMUNDO SOARES, BR 232 KM 509, S/N - POR TRAS DO IMIP",-,Salgueiro,PE
409,UNIVERSIDADE DE PERNAMBUCO,UPE,1073254,POLO UAB SANTA CRUZ DO CAPIBARIBE,"Avenida 29 de dezembro, 258 - Centro",A,Santa Cruz do Capibaribe,PE
409,UNIVERSIDADE DE PERNAMBUCO,UPE,1066452,CAMPUS SERRA TALHADA,"AV. AFONSO MAGALHÃES, S/N - NOSA SRA DA CONCEIÇÃO",-,Serra Talhada,PE
409,UNIVERSIDADE DE PERNAMBUCO,UPE,1078055,Polo UAB Sertânia,"Avenida Agamenon de Menezes, S/N - Centro",A,Sertânia,PE
409,UNIVERSIDADE DE PERNAMBUCO,UPE,1142492,CAMPUS SURUBIM,"Avenida Heráclito do Rego, s/n - Centro",-,Surubim,PE
409,UNIVERSIDADE DE PERNAMBUCO,UPE,2006486,Polo UAB - SURUBIM,"RUA FREI IBIAPINA, PRÓXIMO AO PSF, 300 - SÃO JOSÉ",A,Surubim,PE
409,UNIVERSIDADE DE PERNAMBUCO,UPE,2006487,Polo UAB - TABIRA,"RUA SÃO CRISTOVÃO, S/N - BAIRRO DA JUREMINHA",A,Tabira,PE
580,UNIVERSIDADE FEDERAL DE PERNAMBUCO,UFPE,1063336,Maragogi - Centro,"Praça Maridite Acioli,  - Centro",A,Maragogi,AL
580,UNIVERSIDADE FEDERAL DE PERNAMBUCO,UFPE,1072631,Afrânio - Centro,"AV. DOM MALAN, AO LADO DA BR 407, S/N - Centro",A,Afrânio,PE
580,UNIVERSIDADE FEDERAL DE PERNAMBUCO,UFPE,1082628,Águas Belas,"Terceira Travessa da rua Coronel Alfredo Duarte, S/N - Centro",A,Águas Belas,PE
580,UNIVERSIDADE FEDERAL DE PERNAMBUCO,UFPE,1063490,Carpina - São José,"Avenida Agamenon Magalhães, s/n - São José",A,Carpina,PE
580,UNIVERSIDADE FEDERAL DE PERNAMBUCO,UFPE,1173669,Campus Agreste - Centro Acadêmico do Agreste (UFPE),"Avenida Campina Grande Km 59, campus agreste, s/N - Nova Caruaru",-,Caruaru,PE
580,UNIVERSIDADE FEDERAL DE PERNAMBUCO,UFPE,1051633,Campus do Agreste Caruaru,"Rodovia BR-104 - até km 65,001 - lado ímpar, Br 104, km 59. Localidade Varzea da Picada, S/N - Divinópolis",-,Caruaru,PE
580,UNIVERSIDADE FEDERAL DE PERNAMBUCO,UFPE,1046311,Garanhuns - Santo Antônio,"Avenida Santa Terezinha, 74 - Magano",A,Garanhuns,PE
580,UNIVERSIDADE FEDERAL DE PERNAMBUCO,UFPE,2006543,Ipojuca - Centro,"RUA DO COLÉGIO, S/N - CENTRO",A,Ipojuca,PE
580,UNIVERSIDADE FEDERAL DE PERNAMBUCO,UFPE,1052012,Jaboatão dos Guararapes - Curado IV,"Rua Sete, s/n - Curado IV",A,Jaboatão dos Guararapes,PE
580,UNIVERSIDADE FEDERAL DE PERNAMBUCO,UFPE,2006542,Limoeiro - Juá,"Rua São Vicente Férrer, Escola Municipal Prof. Antônio de Souza Vilaça, 97 - Juá",A,Limoeiro,PE
580,UNIVERSIDADE FEDERAL DE PERNAMBUCO,UFPE,2006541,Olinda - Salgadinho,"Complexo de Salgadinho - Memorial Arcoverde - Parque II, s/n - Salgadinho",A,Olinda,PE
580,UNIVERSIDADE FEDERAL DE PERNAMBUCO,UFPE,1094826,Ouricuri - Zona Urbana,"Estrada vicinal do açude tamboril, Núcleo de Ensino Superior deputado Felipe Coelho, S/N - Estrada Vicinal",A,Ouricuri,PE
580,UNIVERSIDADE FEDERAL DE PERNAMBUCO,UFPE,1063485,Palmares - Centro,"Avenida José Américo de Miranda, s/n - Centro",A,Palmares,PE
580,UNIVERSIDADE FEDERAL DE PERNAMBUCO,UFPE,2006540,Pesqueira - Centro,"Av Ésio Araújo, 17 - Centro",A,Pesqueira,PE
580,UNIVERSIDADE FEDERAL DE PERNAMBUCO,UFPE,1072572,Petrolina - Vila Eduardo,"Avenida Monsenhor Ângelo Sampaio, GRE - Gerência Regional de Educação, s/n - Vila Eduarda",A,Petrolina,PE
580,UNIVERSIDADE FEDERAL DE PERNAMBUCO,UFPE,1153,Campus Universitário Cidade do Recife,"Av. Prof. Moraes Rego, 1.235 - Cidade Universitária",A,Recife,PE
580,UNIVERSIDADE FEDERAL DE PERNAMBUCO,UFPE,1052011,Recife - Madalena,"Rua Real da Torre, 299 - Madalena",A,Recife,PE
580,UNIVERSIDADE FEDERAL DE PERNAMBUCO,UFPE,1094832,Salgueiro - Nossa Senhora das Graças,"Travessa Lorival Sampaio, 395 - Nossa Senhora das Graças",A,Salgueiro,PE
580,UNIVERSIDADE FEDERAL DE PERNAMBUCO,UFPE,1064241,Santa Cruz do Capibaribe - Centro,"Av. 29 de Dezembro, 258 - Centro",A,Santa Cruz do Capibaribe,PE
580,UNIVERSIDADE FEDERAL DE PERNAMBUCO,UFPE,1046310,Surubim - São José,"Rua Frei Ibiapina, 300 - São José",A,Surubim,PE
580,UNIVERSIDADE FEDERAL DE PERNAMBUCO,UFPE,1046228,Tabira - Jureminha,"Rua São Cristovão S/N,  - Jureminha",A,Tabira,PE
580,UNIVERSIDADE FEDERAL DE PERNAMBUCO,UFPE,1046229,Trindade - Centro,"Rua 29 de Janeiro, 95 - Centro",A,Trindade,PE
580,UNIVERSIDADE FEDERAL DE PERNAMBUCO,UFPE,24524,Campus Vitória,"Rua Do Alto do Reservatório, s/n - Bela Vista",-,Vitória de Santo Antão,PE
25275,UNIVERSIDADE FEDERAL DO AGRESTE DE PERNAMBUCO,UFAPE,1112698,Unidade SEDE,"Avenida Bom Pastor, S/N - Boa Vista",-,Garanhuns,PE
587,UNIVERSIDADE FEDERAL RURAL DE PERNAMBUCO,UFRPE,154563,Polo de Camaçari,"Rua do Telegrafo, Cidade do Saber, Prédio da Capacitação, S/N - Bairo de Natal",A,Camaçari,BA
587,UNIVERSIDADE FEDERAL RURAL DE PERNAMBUCO,UFRPE,1077767,Polo UAB Ilhéus,"Rua Epitácio Pessoal, nº 42, Outeiro de São Sebastião, 42 - Outeiro de São Sebastião",-,Ilhéus,BA
587,UNIVERSIDADE FEDERAL RURAL DE PERNAMBUCO,UFRPE,154574,Polo Piritiba,"Rua Horácio Sampaio, S/N - Centro",A,Piritiba,BA
587,UNIVERSIDADE FEDERAL RURAL DE PERNAMBUCO,UFRPE,1054577,Polo Vitória da Conquista,"Estrada do Bem querer Km 4, Campus Universitário de Vitória da Conquista, S/N - Km 4",-,Vitória da Conquista,BA
587,UNIVERSIDADE FEDERAL RURAL DE PERNAMBUCO,UFRPE,154559,Polo Afrânio,"Avenida Dom Malan, S/N - Centro",A,Afrânio,PE
587,UNIVERSIDADE FEDERAL RURAL DE PERNAMBUCO,UFRPE,1109357,Unidade Acadêmica de Belo Jardim,"Rodovia João Bezerra Filho, Próx. ao número 1320,  - Boa Vista",-,Belo Jardim,PE
587,UNIVERSIDADE FEDERAL RURAL DE PERNAMBUCO,UFRPE,1060692,Unidade Acadêmica do Cabo de Santo Agostinho,"Gleba 4A, Sul da antiga Línha Férrea da Rede Ferroviária Federal entre os engenhos Santa Rosa e Caeté, S/N - Charneca",-,Cabo de Santo Agostinho,PE
587,UNIVERSIDADE FEDERAL RURAL DE PERNAMBUCO,UFRPE,154604,Escola Senador Paulo Guerra,"Avenida Brigida de Alencar, S/N - Centro",A,Cabrobó,PE
587,UNIVERSIDADE FEDERAL RURAL DE PERNAMBUCO,UFRPE,154509,Escola José de Lima Junior,"Avenida Agamenon Magalhães, S/N - Centro",-,Carpina,PE
587,UNIVERSIDADE FEDERAL RURAL DE PERNAMBUCO,UFRPE,1054565,Polo Floresta,"Rua Deputado Audomar Ferraz, S/N - Centro",-,Floresta,PE
587,UNIVERSIDADE FEDERAL RURAL DE PERNAMBUCO,UFRPE,4239,Unidade Acadêmica de Garanhuns,"Avenida Bom Pastor, S/N, S/N - Boa Vista",-,Garanhuns,PE
587,UNIVERSIDADE FEDERAL RURAL DE PERNAMBUCO,UFRPE,154579,Polo Gravatá,"Ria Quintino Bocaiuva, S/N - Quinze de novembro",-,Gravatá,PE
587,UNIVERSIDADE FEDERAL RURAL DE PERNAMBUCO,UFRPE,154567,Polo Ipojuca,"Rua do Colégio, Centro de Ensino Experimental de Ipojuca, S/N - Centro",A,Ipojuca,PE
587,UNIVERSIDADE FEDERAL RURAL DE PERNAMBUCO,UFRPE,154581,Polo Jaboatão dos Guararapes,"Avenida Manoel Rabelo, S/N - eNGENHO vELHO",-,Jaboatão dos Guararapes,PE
587,UNIVERSIDADE FEDERAL RURAL DE PERNAMBUCO,UFRPE,154570,Polo Limoeiro,"Rua Vicente Ferrer, 97 - Juá",-,Limoeiro,PE
587,UNIVERSIDADE FEDERAL RURAL DE PERNAMBUCO,UFRPE,154580,Polo Espaço Ciência - Olinda,"Complexo Salgadinho - Memorial Arcoverde - Parque II, S/N - Varadouro",-,Olinda,PE
587,UNIVERSIDADE FEDERAL RURAL DE PERNAMBUCO,UFRPE,154582,Polo Palmares,"Vila da Cohab, S/N - Centro",-,Palmares,PE
587,UNIVERSIDADE FEDERAL RURAL DE PERNAMBUCO,UFRPE,154572,Polo de Apoio Presencial Monsenhor Fausto de Souza Ferraz -Pesqueira,"Avenida Ésio Araújo, 17 - Distrito Salobro",A,Pesqueira,PE
587,UNIVERSIDADE FEDERAL RURAL DE PERNAMBUCO,UFRPE,1054573,Polo Petrolina,"Avenida Monsenhor Ângelo Sampaio, s/n DERE - Departamento Regional de Educação, S/N - Vila Eduardo",-,Petrolina,PE
587,UNIVERSIDADE FEDERAL RURAL DE PERNAMBUCO,UFRPE,154575,Polo Recife,"Avenida Oliveira Lima, 824 - Soledade",-,Recife,PE
587,UNIVERSIDADE FEDERAL RURAL DE PERNAMBUCO,UFRPE,106230,Recife,"Rua Dom Manoel de Medeiros, s/n - Dois Irmãos",A,Recife,PE
587,UNIVERSIDADE FEDERAL RURAL DE PERNAMBUCO,UFRPE,1140339,POLO SALGUEIRO,"TRAVESSA LOURIVAL SAMPAIO, POLO SALGUEIRO, 395 - Centro",A,Salgueiro,PE
587,UNIVERSIDADE FEDERAL RURAL DE PERNAMBUCO,UFRPE,1127450,Polo Santa Cruz do Capibaribe,"Av. Vinte e Nove de Dezembro, 258 ? Centro ? Santa Cruz do Capibaribe, Polo Santa Cruz do Capibaribe, 258 - Não informado",A,Santa Cruz do Capibaribe,PE
587,UNIVERSIDADE FEDERAL RURAL DE PERNAMBUCO,UFRPE,4240,UNIDADE ACADÊMICA DE SERRA TALHADA,"FAZENDA SACO, S/N - Fazenda Saco",-,Serra Talhada,PE
587,UNIVERSIDADE FEDERAL RURAL DE PERNAMBUCO,UFRPE,154659,Polo SURUBIM,"Rua Frei Ibiapina, 300, S/N - Bairro: São José",-,Surubim,PE
587,UNIVERSIDADE FEDERAL RURAL DE PERNAMBUCO,UFRPE,1077760,Polo UAB de Educação a Distância Professora Maria Celeste Vidal,"Rua São Cristovão, s/n, S/N - Bairro da Jureminha",-,Tabira,PE
587,UNIVERSIDADE FEDERAL RURAL DE PERNAMBUCO,UFRPE,2007121,Polo UAB - TRINDADE,"RUA FLORIANO PEIXOTO TRAVESSA COM 29 DE JANEIRO, S/N - CENTRO",A,Trindade,PE
587,UNIVERSIDADE FEDERAL RURAL DE PERNAMBUCO,UFRPE,1140338,POLO TRIUNFO,"Rua Elias Alves de Lima, POLO TRIUNFO, s/n - Bom Jesus",A,Triunfo,PE
